Ticker,Date,BOARD_MEETING_ATTENDANCE_PCT,BOARD_SIZE,CEO_DUALITY,CUR_MKT_CAP,ENVIRON_DISCLOSURE_SCORE,EQY_INST_PCT_SH_OUT,ESG_DISCLOSURE_SCORE,FEMALE_CEO_OR_EQUIVALENT,GOVNCE_DISCLOSURE_SCORE,INDEPENDENT_DIRECTORS,NUMBER_OF_WOMEN_ON_BOARD,PCT_IND_DIRECTORS_ON_COMP_CMTE,PCT_WOMEN_ON_BOARD,SOCIAL_DISCLOSURE_SCORE,BOARD_AVERAGE_TENURE,BS_TOT_ASSET,EPS_GROWTH,FNCL_LVRG,NET_INCOME,PCT_INSIDER_SHARES_OUT,RETURN_COM_EQY,RETURN_ON_ASSET,SALES_GROWTH,SHORT_AND_LONG_TERM_DEBT,TOBIN_Q_RATIO,TOTAL_EQUITY,security_name,gics_sector_name,Firm Age,LN_BOARD_AVERAGE_AGE,LN_BOARD_MEETINGS_PER_YR,LN_TOT_COMP_AW_TO_CEO_&_EQUIV,LN_CHIEF_EXECUTIVE_OFFICER_TENURE,Ratio of shares,LN_CHIEF_EXECUTIVE_OFFICER_AGE,ROE,ROA,D/E,Consumer Discretionary,Consumer Staples,Energy,Financials,Health Care,Industrials,Information Technology,Materials,Real Estate,Utilities
1457122D CT Equity,2010,92.65,8.0,0.0,1111.1994,,67.795,12.3967,1.0,44.6429,6.0,1.0,100.0,12.5,8.7719,,169.605,-650.0,1.2101,-66.241,0.616,-61.5895,-50.8973,,0.0,6.8472,131.514,Romarco Minerals Inc,Materials,,,2.833213344056216,,,0.009086215797625193,,-0.5036802165548915,-0.3905604197989446,0.0,0,0,0,0,0,0,0,1,0,0
1457122D CT Equity,2011,85.72,8.0,0.0,630.4816,,62.821,12.3967,1.0,44.6429,6.0,1.0,100.0,12.5,8.7719,,263.33,80.0,1.1259,-15.696,0.675,-8.1636,-7.251,,0.0,2.3943,253.024,Romarco Minerals Inc,Materials,,,2.70805020110221,,,0.010744814632049793,,-0.06203364107752624,-0.05960581779516197,0.0,0,0,0,0,0,0,0,1,0,0
1457122D CT Equity,2012,98.56,8.0,0.0,450.4341,,68.048,12.3967,1.0,44.6429,6.0,1.0,100.0,12.5,8.7719,,257.561,33.3333,1.0479,-11.934,0.791,-4.8018,-4.5821,,0.0,1.8103,244.04,Romarco Minerals Inc,Materials,17.0,,2.1972245773362196,,,0.011624147660474959,,-0.04890181937387313,-0.0463346547031577,0.0,0,0,0,0,0,0,0,1,0,0
1457122D CT Equity,2013,96.25,8.0,0.0,246.6029,,61.572,12.3967,1.0,44.6429,6.0,1.0,100.0,12.5,8.7719,,266.808,0.0,1.0453,-14.215,0.834,-5.6674,-5.4218,,0.0,0.9042,257.597,Romarco Minerals Inc,Materials,18.0,,2.302585092994046,,,0.013545117910738647,,-0.05518309607642947,-0.05327801265329375,0.0,0,0,0,0,0,0,0,1,0,0
1457122D CT Equity,2014,97.22,8.0,0.0,355.4061,,66.794,12.3967,1.0,44.6429,6.0,1.0,100.0,12.5,8.7719,9.23,287.929,0.0,1.0378,-13.569,0.949,-5.0771,-4.892,,0.0,1.1009,276.926,Romarco Minerals Inc,Materials,19.0,,2.1972245773362196,,2.505525936990736,0.014207862981704943,,-0.048998649458700166,-0.04712620125100286,0.0,0,0,0,0,0,0,0,1,0,0
1457122D CT Equity,2015,97.22,8.0,0.0,571.6724,,53.723,12.3967,1.0,44.6429,6.0,1.0,100.0,12.5,8.7719,10.23,287.929,0.0,1.0378,-13.569,0.614,-5.0771,-4.892,,0.0,1.1009,276.926,Romarco Minerals Inc,Materials,20.0,,2.1972245773362196,,2.583997552432231,0.011428996891461757,,-0.048998649458700166,-0.04712620125100286,0.0,0,0,0,0,0,0,0,1,0,0
1506604D CT Equity,2012,100.0,8.0,0.0,890.4375,,46.656,10.3306,0.0,44.6429,5.0,0.0,100.0,0.0,,,355.293,60.0,1.536,100.4899,7.03,59.1359,38.4987,,3.2747,2.8838,228.7486,Rio Alto Mining Ltd,Materials,,,1.791759469228055,,,0.15067729766803842,,0.4393027979187632,0.28283670097637725,0.014315716030611773,0,0,0,0,0,0,0,1,0,0
1506604D CT Equity,2013,100.0,8.0,0.0,312.8434,,56.465,9.0909,0.0,39.2857,5.0,0.0,100.0,0.0,,,358.616,-70.7106,1.4558,30.758,5.628,12.5443,8.6168,-9.9799,3.446,1.0913,261.641,Rio Alto Mining Ltd,Materials,26.0,,2.0794415416798357,,,0.09967236341096254,,0.1175580279849106,0.08576862158966694,0.01317071865647968,0,0,0,0,0,0,0,1,0,0
1506604D CT Equity,2014,100.0,8.0,0.0,936.8262,,56.868,9.0909,0.0,39.2857,5.0,0.0,100.0,0.0,,,801.016,23.5294,1.2304,49.818,2.573,10.5714,8.592,-5.1606,35.0,1.1581,680.866,Rio Alto Mining Ltd,Materials,27.0,,2.0794415416798357,,,0.04524512907083069,,0.07316858236422438,0.062193514236919115,0.051405122300129544,0,0,0,0,0,0,0,1,0,0
1506604D CT Equity,2015,100.0,8.0,0.0,1162.9009,,1.004,9.0909,0.0,39.2857,5.0,0.0,100.0,0.0,,,801.016,23.5294,1.2304,49.818,2.55,10.5714,8.592,-5.1606,35.0,1.1581,680.866,Rio Alto Mining Ltd,Materials,28.0,,2.0794415416798357,,,2.539840637450199,,0.07316858236422438,0.062193514236919115,0.051405122300129544,0,0,0,0,0,0,0,1,0,0
1641774D CT Equity,2010,93.33,6.0,1.0,824.5218,,,11.157,,48.2143,4.0,,,0.0,,,161.1595,-18.1818,1.2793,-9.743,,-11.2302,-8.7782,,0.0,3.42,132.5075,Colossus Minerals Inc,Materials,4.0,,1.6094379124341003,,,,,-0.07352791351432938,-0.06045563556600759,0.0,0,0,0,0,0,0,0,1,0,0
1641774D CT Equity,2011,96.33,8.0,0.0,635.4263,,,14.0496,0.0,51.7857,6.0,0.0,100.0,0.0,8.7719,,235.23,-150.0132,1.4405,-32.144,,-23.3633,-16.2184,,77.94,2.7083,148.285,Colossus Minerals Inc,Materials,5.0,4.032114485685967,2.1972245773362196,,,,,-0.21677175708938867,-0.1366492369170599,0.5256094682537007,0,0,0,0,0,0,0,1,0,0
1641774D CT Equity,2012,90.0,9.0,0.0,489.9319,,,14.0496,0.0,51.7857,7.0,0.0,100.0,0.0,8.7719,,279.642,9.6774,1.9707,-30.063,,-23.014,-11.6779,,72.139,2.3556,118.355,Colossus Minerals Inc,Materials,6.0,4.015373502351107,2.0794415416798357,,,,,-0.2540070128004731,-0.10750531036110456,0.6095137510033374,0,0,0,0,0,0,0,1,0,0
1641774D CT Equity,2013,90.0,9.0,0.0,12.2883,,,14.0496,0.0,51.7857,7.0,0.0,100.0,0.0,8.7719,,3.373,-589.2857,145.2104,-263.692,,-23.014,-186.3449,,12.477,37.836,-121.128,Colossus Minerals Inc,Materials,7.0,4.015373502351107,2.0794415416798357,,,,,2.1769698170530347,-78.17729024607175,-0.10300673667525263,0,0,0,0,0,0,0,1,0,0
1641774D CT Equity,2014,90.0,9.0,0.0,7.0219,,,14.0496,0.0,51.7857,7.0,0.0,100.0,0.0,8.7719,,3.373,-589.2857,145.2104,-263.692,188.691,-23.014,-186.3449,,12.477,37.836,-121.128,Colossus Minerals Inc,Materials,8.0,4.015373502351107,2.0794415416798357,,,,,2.1769698170530347,-78.17729024607175,-0.10300673667525263,0,0,0,0,0,0,0,1,0,0
1694944D CT Equity,2010,97.3,12.0,0.0,45977.7118,55.0388,83.197,58.6777,0.0,66.0714,9.0,3.0,100.0,25.0,59.6491,,15547.0,80.1802,2.1691,1775.0,0.599,27.048,12.4696,64.4328,5578.0,3.4113,6685.0,Potash Corp of Saskatchewan In,Materials,,4.091557348214065,3.5553480614894135,,,0.007199778838179261,,0.2655198204936425,0.11416993632212002,0.8344053851907255,0,0,0,0,0,0,0,1,0,0
1694944D CT Equity,2011,100.0,13.0,0.0,36066.2923,52.7132,79.642,57.438,0.0,66.0714,10.0,3.0,100.0,23.077,59.6491,,16257.0,80.0,2.1885,3081.0,0.43,42.403,19.3749,33.2773,4537.0,2.7053000000000003,7847.0,Potash Corp of Saskatchewan In,Materials,,4.113395272912901,2.0794415416798357,,,0.005399161246578439,,0.39263412769211165,0.189518361321277,0.5781827449980884,0,0,0,0,0,0,0,1,0,0
1694944D CT Equity,2012,100.0,13.0,0.0,34848.645,51.938,69.254,58.2645,0.0,71.4286,11.0,3.0,100.0,23.077,59.6491,,18206.0,-32.7778,1.9406,2079.0,0.587,23.4135,12.0651,-9.0419,4081.0,2.3885,9912.0,Potash Corp of Saskatchewan In,Materials,,4.0943445622221,2.0794415416798357,,,0.008476044704998988,,0.2097457627118644,0.11419312314621553,0.4117231638418079,0,0,0,0,0,0,0,1,0,0
1694944D CT Equity,2013,99.15,13.0,0.0,30205.1796,51.938,69.516,55.7851,0.0,66.0714,11.0,3.0,100.0,23.077,54.386,8.7,17958.0,-14.876,1.8508,1785.0,0.645,18.2702,9.8717,-7.8466,3937.0,2.0347,9628.0,Potash Corp of Saskatchewan In,Materials,,4.110873864173311,2.1972245773362196,,2.6741486494265287,0.00927843949594338,4.143134726391533,0.1853967594515995,0.09939859672569329,0.408911508101371,0,0,0,0,0,0,0,1,0,0
1694944D CT Equity,2014,99.6,13.0,0.0,34093.4268,50.3876,77.61,54.5455,0.0,69.6429,11.0,4.0,100.0,30.769,49.1228,7.2,17724.0,-11.165,1.9371,1536.0,0.653,16.6775,8.6094,-2.601,4245.0,2.1626,8792.0,Potash Corp of Saskatchewan In,Materials,,4.098187169939551,2.4849066497880004,,-0.6931471805599453,0.008413864192758665,3.912023005428146,0.17470427661510465,0.08666215301286391,0.4828252957233849,0,0,0,0,0,0,0,1,0,0
1694944D CT Equity,2015,100.0,12.0,0.0,19790.6702,51.938,75.069,52.8926,0.0,64.2857,10.0,3.0,100.0,25.0,43.8596,6.4,17469.0,-16.9399,2.0492,1270.0,0.286,14.7898,7.2173,-11.7498,4227.0,1.3409,8382.0,Potash Corp of Saskatchewan In,Materials,,4.071877388172083,2.5649493574615367,,0.4054651081081644,0.0038098282913053318,3.9318256327243257,0.15151515151515152,0.07270021180376668,0.5042949176807444,0,0,0,0,0,0,0,1,0,0
1694944D CT Equity,2016,98.0,13.0,0.0,20397.6669,51.938,78.351,52.8926,0.0,64.2857,11.0,3.0,100.0,23.077,43.8596,6.88,17255.0,-84.2105,2.0942,323.0,0.298,3.896,1.8604,-29.0333,4591.0,1.4038,8199.0,Potash Corp of Saskatchewan In,Materials,,4.064417858979948,2.70805020110221,,0.9162907318741551,0.003803397531620528,3.9512437185814275,0.039395048176606905,0.0187192118226601,0.5599463349188926,0,0,0,0,0,0,0,1,0,0
1694944D CT Equity,2017,98.0,8.0,0.0,21660.9582,17.0543,71.572,24.3802,0.0,26.7857,11.0,2.0,100.0,25.0,38.5965,6.41,16998.0,-25.0,2.0757,327.0,0.307,3.9632,1.9093,2.0422,4441.0,1.5316,8303.0,Potash Corp of Saskatchewan In,Materials,,4.079653846812097,2.70805020110221,,1.252762968495368,0.004289386911082546,3.970291913552122,0.03938335541370589,0.019237557359689374,0.5348669155726846,0,0,0,0,0,0,0,1,0,0
1694944D CT Equity,2018,98.0,8.0,0.0,21660.9582,17.0543,4.536,24.3802,0.0,26.7857,11.0,2.0,100.0,25.0,38.5965,6.49,16998.0,-25.0,2.0757,327.0,0.099,3.9632,1.9093,2.0422,4441.0,1.5316,8303.0,Potash Corp of Saskatchewan In,Materials,,4.079653846812097,2.70805020110221,,1.275362800412609,0.021825396825396828,3.970291913552122,0.03938335541370589,0.019237557359689374,0.5348669155726846,0,0,0,0,0,0,0,1,0,0
AAR-U CT Equity,2010,,,,120.7788,,19.822,,,,,,,,,,213.32,28.2525,13.0119,-2.988,5.42,5.5695,-2.1341,112.4882,116.202,1.5859,-2.97,Pure Industrial Real Estate Tr,Real Estate,,,,,,0.27343355867218244,,1.006060606060606,-0.014007125445340335,-39.12525252525252,0,0,0,0,0,0,0,0,1,0
AAR-U CT Equity,2011,,,,210.9237,,40.189,,,,,,,,,,447.912,28.2525,3.4921,13.295,0.569,5.5695,4.0213,143.6223,249.498,1.0415,192.321,Pure Industrial Real Estate Tr,Real Estate,,,,11.225243392518447,,0.014158102963497473,,0.06912921625823493,0.029682169711907697,1.2972998268519818,0,0,0,0,0,0,0,0,1,0
AAR-U CT Equity,2012,,6.0,0.0,421.0605,,42.093,7.0248,0.0,30.3571,4.0,0.0,100.0,0.0,,,759.138,54.1151,2.2135,31.163,0.447,11.4295,5.1635,49.8297,393.875,1.0962,352.985,Pure Industrial Real Estate Tr,Real Estate,,,,13.216308990246857,,0.010619342883614852,,0.08828420471124836,0.041050507285895314,1.11584061645679,0,0,0,0,0,0,0,0,1,0
AAR-U CT Equity,2013,,6.0,0.0,646.232,,35.938,7.0248,0.0,30.3571,4.0,0.0,100.0,0.0,,5.22,1343.913,-37.5567,2.2349,35.181,0.325,7.4775,3.3457,107.799,727.706,1.0398,588.001,Pure Industrial Real Estate Tr,Real Estate,,,,14.133054784699969,0.9477893989335261,0.009043352440313873,3.8918202981106265,0.05983153089875697,0.026178033845940918,1.2375931333450114,0,0,0,0,0,0,0,0,1,0
AAR-U CT Equity,2014,100.0,6.0,0.0,842.2223,,43.907,9.5041,0.0,41.0714,4.0,0.0,100.0,0.0,,6.22,1783.455,107.9896,2.1235,101.662,0.318,13.8061,6.5014,31.294,865.452,0.9755,884.708,Pure Industrial Real Estate Tr,Real Estate,,,2.0794415416798357,14.544507391417916,0.9820784724121582,0.007242580909649942,3.8918202981106265,0.11491023026806586,0.05700283999315935,0.9782346265660534,0,0,0,0,0,0,0,0,1,0
AAR-U CT Equity,2015,100.0,6.0,0.0,828.944,,34.798,11.157,0.0,48.2143,4.0,0.0,100.0,0.0,,7.22,2102.478,34.7709,2.0587,152.461,0.414,16.1539,7.8468,20.0052,1026.151,0.9137,1021.207,Pure Industrial Real Estate Tr,Real Estate,,4.0163830207523885,1.9459101490553132,14.916065292196235,,0.011897235473303062,,0.14929490299224352,0.07251490859833017,1.0048413299164616,0,0,0,0,0,0,0,0,1,0
AAR-U CT Equity,2016,100.0,7.0,0.0,1360.6932,,29.315,9.9174,0.0,42.8571,5.0,0.0,100.0,0.0,,7.1,2516.537,-13.3093,1.961,147.572,0.367,12.5305,6.3898,9.0905,1043.491,1.0089,1379.195,Pure Industrial Real Estate Tr,Real Estate,9.0,4.055499778398533,2.3978952727983707,14.316740288056819,1.0986122886681098,0.012519188128944226,,0.1069986477619191,0.05864090216038946,0.7565942451937544,0,0,0,0,0,0,0,0,1,0
AAR-U CT Equity,2017,100.0,7.0,0.0,2069.6122,1.5504,30.249,11.5702,0.0,37.5,5.0,1.0,100.0,14.286,8.7719,6.7,3220.813,52.8571,1.7663,297.527,0.67,18.3196,10.3716,20.617,1211.92,1.0534,1906.903,Pure Industrial Real Estate Tr,Real Estate,10.0,4.030445836371869,2.3978952727983707,,1.3862943611198906,0.022149492545208108,,0.15602628974835112,0.09237636584303403,0.6355436013263391,0,0,0,0,0,0,0,0,1,0
AAR-U CT Equity,2018,100.0,7.0,0.0,2476.7992,1.5504,108.568,11.5702,0.0,37.5,5.0,1.0,100.0,14.286,8.7719,6.95,3220.813,52.8571,1.7663,297.527,0.691,18.3196,10.3716,20.617,1211.92,1.0534,1906.903,Pure Industrial Real Estate Tr,Real Estate,11.0,4.030445836371869,2.3978952727983707,,1.4861396960896067,0.006364674673937071,,0.15602628974835112,0.09237636584303403,0.6355436013263391,0,0,0,0,0,0,0,0,1,0
AAV CT Equity,2010,99.14,9.0,0.0,1109.2619,,53.892,11.2033,0.0,44.6429,7.0,2.0,100.0,22.222,3.125,,1965.945,-273.3333,1.5903,40.92,1.727,3.343,2.1021,-7.0005,424.435,0.9476,1212.313,Advantage Energy Ltd,Energy,5.0,,2.5649493574615367,14.844791703652367,,0.03204557262673495,,0.033753659327252945,0.020814417493876993,0.35010347987689644,0,0,1,0,0,0,0,0,0,0
AAV CT Equity,2011,100.0,9.0,0.0,705.1103,,67.023,11.2033,0.0,44.6429,7.0,2.0,100.0,22.22,3.125,,1972.789,-273.3333,1.6803,-152.772,1.381,-13.0345,-7.7574,10.5711,308.574,0.7837,1238.931,Advantage Energy Ltd,Energy,6.0,,1.9459101490553132,14.479592404507201,,0.020604866985960046,,-0.12330953055497036,-0.07743960453956301,0.24906471788985826,0,0,1,0,0,0,0,0,0,0
AAV CT Equity,2012,97.48,7.0,0.0,538.825,,69.005,13.6929,0.0,44.6429,5.0,1.0,100.0,14.29,12.5,,1913.796,42.3913,1.7646,-89.125,1.647,-8.093,-4.5863,-22.3401,351.619,0.7221,1208.71,Advantage Energy Ltd,Energy,7.0,,2.3978952727983707,14.301929958126653,,0.023867835664082314,,-0.07373563551224031,-0.04656974933587488,0.29090435257423203,0,0,1,0,0,0,0,0,0,0
AAV CT Equity,2013,100.0,6.0,0.0,776.2449,,60.837,13.6929,0.0,44.6429,4.0,0.0,100.0,0.0,12.5,8.9,1765.244,90.566,1.7149,-3.382,1.478,-0.3153,-0.1839,-43.5401,353.793,0.831,1204.413,Advantage Energy Ltd,Energy,8.0,,2.302585092994046,13.837665318785028,1.6094379124341003,0.02429442608938639,3.9889840465642745,-0.0028080068880027035,-0.0019158824502448389,0.2937472445083206,0,0,1,0,0,0,0,0,0,0
AAV CT Equity,2014,96.0,5.0,0.0,945.5762,,63.252,15.3527,0.0,51.7857,4.0,0.0,100.0,0.0,12.5,7.3,1454.767,90.566,1.4846,60.644,1.175,5.592,3.7667,55.0869,195.911,0.8978,1094.326,Advantage Energy Ltd,Energy,9.0,4.133565275375382,2.6390573296152584,14.793003627098098,1.791759469228055,0.018576487699993677,4.007333185232471,0.05541675880861827,0.041686400640102504,0.17902434923414046,0,0,1,0,0,0,0,0,0,0
AAV CT Equity,2015,100.0,6.0,0.0,1200.2386,4.1322,81.518,19.5021,0.0,51.7857,5.0,0.0,100.0,0.0,20.3125,7.03,1517.443,-70.4545,1.3411,21.378,1.347,1.9292,1.4385,-22.5512,286.519,1.052,1121.947,Advantage Energy Ltd,Energy,10.0,4.108132404887369,2.0794415416798357,14.541445787152089,1.9459101490553132,0.01652395789886896,4.02535169073515,0.019054376008848906,0.014088173328421561,0.25537659087283093,0,0,1,0,0,0,0,0,0,0
AAV CT Equity,2016,95.83,6.0,0.0,1683.9711,4.1322,79.988,20.332,0.0,55.3571,5.0,1.0,100.0,16.667,20.3125,8.03,1496.459,-70.4545,1.2934,-15.734,1.294,-1.3504,-1.0441,31.9752,153.102,1.3179,1208.273,Advantage Energy Ltd,Energy,11.0,4.12443720252927,2.0794415416798357,14.633607035085303,2.0794415416798357,0.0161774266139921,4.04305126783455,-0.013021891575827648,-0.0105141537456088,0.1267114302810706,0,0,1,0,0,0,0,0,0,0
AAV CT Equity,2017,100.0,6.0,0.0,1004.2012,6.6116,76.198,21.5768,0.0,55.3571,5.0,1.0,100.0,16.667,20.3125,9.03,1691.182,-70.4545,1.265,95.039,1.454,7.5429,5.963,20.51,208.978,0.8182,1311.676,Advantage Energy Ltd,Energy,12.0,4.140480413166096,2.1972245773362196,14.912620385168887,2.1972245773362196,0.019081865665765505,4.060443010546419,0.07245615533104212,0.056196790173973,0.1593213567984777,0,0,1,0,0,0,0,0,0,0
AAV CT Equity,2018,96.66,6.0,0.0,368.1654,2.4793,55.949,18.2573,0.0,55.3571,5.0,1.0,100.0,16.667,15.625,10.03,1771.197,-88.2353,1.3096,11.119,1.514,0.8411,0.6423,-0.0494,270.918,0.4557,1332.195,Advantage Energy Ltd,Energy,13.0,4.156270298006842,2.302585092994046,14.825635471802762,2.302585092994046,0.027060358540813956,4.07753744390572,0.008346375718269473,0.006277675492901129,0.2033621204103003,0,0,1,0,0,0,0,0,0,0
AAV CT Equity,2019,96.66,6.0,0.0,514.0048,2.4793,83.956,17.0124,0.0,55.3571,5.0,1.0,100.0,16.667,15.625,11.03,1818.454,-88.2353,1.3555,-24.654,1.606,-1.8619,-1.3736,7.2323,299.445,0.5589,1316.097,Advantage Energy Ltd,Energy,14.0,4.171814732989,2.70805020110221,14.720148053865024,2.3978952727983707,0.01912906760684168,4.0943445622221,-0.01873266180228357,-0.013557670416738615,0.2275250228516591,0,0,1,0,0,0,0,0,0,0
AAV CT Equity,2020,96.66,7.0,0.0,320.7538,2.4793,70.28,15.7676,0.0,50.0,6.0,1.0,100.0,14.286,15.625,10.39,1533.709,-1061.5385,1.4227,-284.045,2.142,-24.1098,-16.947,-13.5565,254.76,0.5315,1040.16,Advantage Energy Ltd,Energy,15.0,4.172184846340437,2.6390573296152584,14.63948378750441,2.4849066497880004,0.030478087649402387,4.110873864173311,-0.27307818027995695,-0.18520136479605975,0.2449238578680203,0,0,1,0,0,0,0,0,0,0
ABX CT Equity,2010,92.5,14.0,0.0,52910.0327,39.5349,75.779,50.0,0.0,69.6429,9.0,0.0,100.0,0.0,54.386,,34637.0,-20.3125,1.7869000000000002,3582.0,0.165,20.7442,11.6088,35.2139,6638.0,1.9779,21217.0,Barrick Gold Corp,Materials,26.0,4.155533730534523,1.791759469228055,16.076562129404397,,0.0021773842357381335,,0.16882688410237073,0.10341542281375408,0.31286232737898856,0,0,0,0,0,0,0,1,0,0
ABX CT Equity,2011,98.0,14.0,0.0,46154.5406,41.0853,78.489,50.8264,0.0,75.0,9.0,1.0,100.0,7.143,49.1228,,48884.0,28.2857,1.9498,4484.0,0.232,20.9362,10.7374,29.4064,13369.0,1.4493,25554.0,Barrick Gold Corp,Materials,27.0,4.134029911005271,2.1972245773362196,16.035209031850282,,0.00295582820522621,,0.17547155044220084,0.09172735455363719,0.5231666275338499,0,0,0,0,0,0,0,1,0,0
ABX CT Equity,2012,93.5,14.0,0.0,34842.9016,37.9845,68.094,49.1736,0.0,75.0,8.0,1.0,100.0,7.143,49.1228,,47478.0,28.2857,2.1256,-538.0,0.271,-2.3734,-1.1166,1.1099,13943.0,1.2752,24636.0,Barrick Gold Corp,Materials,28.0,4.139732118685275,2.1972245773362196,16.96493588542218,,0.003979792639586454,,-0.02183796070790713,-0.011331564092843001,0.5659603831790875,0,0,0,0,0,0,0,1,0,0
ABX CT Equity,2013,98.46,11.0,0.0,21790.6476,43.4109,57.915,51.2397,0.0,71.4286,6.0,1.0,100.0,9.091,49.1228,11.55,37448.0,-2657.1429,2.3919,-10366.0,0.256,-58.3918,-24.4118,-12.9707,13080.0,1.1861,16001.0,Barrick Gold Corp,Materials,29.0,4.167378147905509,2.3978952727983707,15.891272361705058,0.4574248470388755,0.004420271086937754,4.02535169073515,-0.6478345103431036,-0.27681051057466355,0.8174489094431598,0,0,0,0,0,0,0,1,0,0
ABX CT Equity,2014,96.77,13.0,0.0,14581.6628,45.7364,64.79,52.4793,0.0,71.4286,10.0,2.0,100.0,15.385,49.1228,6.11,33879.0,74.0933,2.9995000000000003,-2907.0,0.132,-24.4491,-8.1512,-18.2645,13081.0,1.0681,12862.0,Barrick Gold Corp,Materials,30.0,4.130853267871909,2.1972245773362196,16.005996663173708,0.8458682675776092,0.0020373514431239388,4.04305126783455,-0.22601461670035763,-0.08580536615602585,1.0170269009485307,0,0,0,0,0,0,0,1,0,0
ABX CT Equity,2015,94.01,12.0,0.0,11927.52,53.4884,61.481,60.3306,0.0,71.4286,9.0,2.0,100.0,16.667,64.9123,7.42,26308.0,2.4,3.4541,-2838.0,0.205,-32.5739,-9.4306,-11.8176,9968.0,1.0551,9455.0,Barrick Gold Corp,Materials,31.0,4.135166556742356,2.302585092994046,,,0.0033343634618825326,,-0.3001586462189318,-0.10787593127565759,1.0542570068746695,0,0,0,0,0,0,0,1,0,0
ABX CT Equity,2016,100.0,15.0,0.0,25045.1102,53.4884,71.163,61.5702,0.0,71.4286,12.0,2.0,100.0,13.333,70.1754,5.43,25264.0,2.4,3.4124,655.0,0.233,8.668,2.5401,-5.2165,7931.0,1.4231,10313.0,Barrick Gold Corp,Materials,32.0,4.12498691960051,2.0794415416798357,,,0.003274173376614252,,0.06351207214195675,0.025926219126029132,0.7690293803936779,0,0,0,0,0,0,0,1,0,0
ABX CT Equity,2017,94.67,15.0,0.0,21202.6676,50.3876,73.341,59.9174,0.0,71.4286,13.0,2.0,100.0,13.333,70.1754,6.43,25308.0,119.6429,2.9366,1438.0,0.267,16.7005,5.6869,-2.15,6423.0,1.302,11067.0,Barrick Gold Corp,Materials,33.0,4.142070668419094,1.6094379124341003,,,0.0036405284902032973,,0.12993584530586427,0.05681997787260945,0.5803740851179181,0,0,0,0,0,0,0,1,0,0
ABX CT Equity,2018,96.96,13.0,0.0,21518.744,52.7132,95.106,59.9174,0.0,71.4286,12.0,2.0,100.0,15.385,64.9123,7.29,22631.0,119.6429,2.8402,-1545.0,0.07,-18.3068,-6.4457,-13.5061,5738.0,1.3626,9385.0,Barrick Gold Corp,Materials,34.0,4.163684040300714,1.9459101490553132,,,0.0007360208609341158,,-0.16462440063931805,-0.06826918828156069,0.6114011720831114,0,0,0,0,0,0,0,1,0,0
ABX CT Equity,2019,100.0,9.0,0.0,42880.0977,53.4884,107.068,57.438,0.0,75.0,7.0,1.0,100.0,11.111,49.1228,5.85,44392.0,119.6429,2.3091,3969.0,0.668,27.3488,11.8437,34.1571,5536.0,1.2616,29827.0,Barrick Gold Corp,Materials,35.0,4.160615956068125,1.791759469228055,16.95302787612828,0.0,0.006239025665931932,4.0943445622221,0.1330673550809669,0.0894080014417012,0.18560364770174673,0,0,0,0,0,0,0,1,0,0
ABX CT Equity,2020,100.0,10.0,0.0,51565.6496,53.4884,72.723,55.7851,0.0,69.6429,8.0,2.0,100.0,20.0,47.3684,6.18,46506.0,-42.0354,2.0302,2324.0,0.53,10.3813,5.1134,29.6182,5155.0,1.3666,31710.0,Barrick Gold Corp,Materials,36.0,4.174387269895637,1.3862943611198906,17.006356014750516,0.6931471805599453,0.00728792816577974,4.110873864173311,0.07328918322295806,0.049972046617640736,0.16256701356039105,0,0,0,0,0,0,0,1,0,0
AC CT Equity,2010,92.5,10.0,0.0,1160.1442,33.3333,17.621,33.4711,0.0,55.3571,9.0,0.0,100.0,0.0,12.2807,,10153.0,33.3333,1713.25,-33.0,0.183,-2.1739,-0.321,10.7506,4595.0,1.236,-1288.0,Air Canada,Industrials,73.0,4.092676505121403,2.4849066497880004,15.330576250572026,,0.010385335679019352,,0.02562111801242236,-0.0032502708559046588,-3.5675465838509317,0,0,0,0,0,1,0,0,0,0
AC CT Equity,2011,95.38,10.0,0.0,277.6994,39.5349,31.734,45.4545,0.0,55.3571,9.0,0.0,100.0,0.0,49.1228,,9633.0,-666.6667,1713.25,-255.0,0.295,-2.1739,-2.5776,7.6581,3482.0,1.3645,-4006.0,Air Canada,Industrials,74.0,4.109233174715851,2.5649493574615367,15.201561639494084,,0.009296023192790066,,0.063654518222666,-0.026471504204297728,-0.8691962056914628,0,0,0,0,0,1,0,0,0,0
AC CT Equity,2012,94.02,10.0,0.0,487.5714,39.5349,36.001,44.2149,0.0,60.7143,9.0,1.0,100.0,10.0,38.5965,,8847.0,66.3043,1713.25,-140.0,0.431,-2.1739,-1.5152,4.3231,3758.0,1.4393,-3347.0,Air Canada,Industrials,75.0,4.12552017969055,2.6390573296152584,16.069457880176426,,0.011971889669731397,,0.041828503137137735,-0.015824573301684186,-1.1227965342097401,0,0,0,0,0,1,0,0,0,0
AC CT Equity,2013,98.0,10.0,0.0,2113.3683,41.0853,31.774,48.3471,0.0,60.7143,9.0,1.0,100.0,10.0,52.6316,4.42,9470.0,66.3043,1713.25,6.0,0.507,-2.1739,0.0655,2.2123,4333.0,1.3768,-1397.0,Air Canada,Industrials,76.0,4.12552017969055,2.302585092994046,15.871858610898386,1.55814461804655,0.01595644237426827,4.04305126783455,-0.004294917680744453,0.0006335797254487857,-3.101646385110952,0,0,0,0,0,1,0,0,0,0
AC CT Equity,2014,100.0,10.0,0.0,3399.1687,43.4109,30.388,52.0661,0.0,60.7143,9.0,1.0,100.0,10.0,63.1579,5.78,10648.0,1650.0,1713.25,100.0,0.519,-2.1739,0.9941,7.1879,5216.0,1.4322,-1133.0,Air Canada,Industrials,77.0,4.133565275375382,2.1972245773362196,15.894945974625353,1.749199854809259,0.017079110175069107,4.060443010546419,-0.088261253309797,0.009391435011269721,-4.603706972639012,0,0,0,0,0,1,0,0,0,0
AC CT Equity,2015,97.97,11.0,0.0,2894.4568,40.3101,29.471,50.4132,0.0,60.7143,10.0,2.0,100.0,18.182,63.1579,6.22,13127.0,202.8571,1713.25,303.0,0.499,-2.1739,2.5489,4.4907,6394.0,1.219,40.0,Air Canada,Industrials,78.0,4.134430285761386,2.1972245773362196,15.787904606283666,1.9095425048844386,0.016931899155101626,4.07753744390572,7.575,0.0230821969985526,159.85,0,0,0,0,0,1,0,0,0,0
AC CT Equity,2016,100.0,12.0,0.0,3735.8743,41.8605,32.812,52.4793,0.0,66.0714,11.0,3.0,100.0,25.0,63.1579,6.67,15114.0,198.1132,22.9229,876.0,0.343,142.2078,6.2037,5.8336,6618.0,1.1665,1219.0,Air Canada,Industrials,79.0,4.144451319619636,2.5649493574615367,16.012649020481607,2.0476928433652555,0.01045349262464952,4.0943445622221,0.7186218211648893,0.05795950774116713,5.429040196882691,0,0,0,0,0,1,0,0,0,0
AC CT Equity,2017,100.0,11.0,0.0,7066.7152,41.8605,35.6,47.9339,0.0,66.0714,10.0,3.0,100.0,27.273,43.8596,6.31,17782.0,135.443,7.0881,2029.0,0.381,87.4381,12.3358,10.7311,6119.0,1.205,3422.0,Air Canada,Industrials,80.0,4.116823343982527,2.1972245773362196,16.01338481310305,2.169053700369523,0.010702247191011236,4.110873864173311,0.5929281122150789,0.11410415026431223,1.7881355932203389,0,0,0,0,0,1,0,0,0,0
AC CT Equity,2018,98.57,11.0,0.0,7027.7324,41.8605,36.398,50.4132,0.0,66.0714,10.0,3.0,100.0,27.273,54.386,6.57,21883.0,-98.1183,5.921,37.0,0.395,1.1046,0.1866,10.7741,9921.0,1.1714,3277.0,Air Canada,Industrials,81.0,4.119784862703878,2.5649493574615367,16.2623561552659,2.277267285009756,0.01085224462882576,4.127134385045092,0.011290814769606347,0.0016908102179774254,3.0274641440341776,0,0,0,0,0,1,0,0,0,0
AC CT Equity,2019,99.29,11.0,0.0,12846.359,40.3101,35.415,54.5455,0.0,66.0714,10.0,3.0,100.0,27.273,75.4386,7.57,27759.0,3835.7143,6.4663,1476.0,0.35,38.4525,5.9466,6.2656,9242.0,1.3025,4400.0,Air Canada,Industrials,82.0,4.1373401926831965,2.5649493574615367,16.370557198823683,2.3749057545736716,0.009882818014965409,4.143134726391533,0.33545454545454545,0.05317194423430239,2.1004545454545456,0,0,0,0,0,1,0,0,0,0
AC CT Equity,2020,99.2,12.0,0.0,7563.5561,38.7597,42.526,53.719,0.0,66.0714,11.0,4.0,100.0,33.333,75.4386,7.9,28913.0,3835.7143,9.2677,-4647.0,0.342,-151.9869,-16.3996,-69.5102,12989.0,1.2023,1715.0,Air Canada,Industrials,83.0,4.131158535344817,3.091042453358316,16.04110477337709,2.463853240590168,0.008042138926774208,4.1588830833596715,-2.709620991253644,-0.1607235499602255,7.573760932944606,0,0,0,0,0,1,0,0,0,0
ACB CT Equity,2017,,7.0,0.0,4346.2378,,2.12,13.2231,0.0,42.8571,4.0,0.0,75.0,0.0,14.0351,2.23,322.679,-25.0,1.5166,-12.968,5.717,-11.5325,-7.6042,1155.2883,63.887,2.7752,218.933,Aurora Cannabis Inc,Health Care,,,2.70805020110221,14.709293478829991,1.1249295969854831,2.696698113207547,3.970291913552122,-0.0592327333019691,-0.040188546512168445,0.2918107366180521,0,0,0,0,1,0,0,0,0,0
ACB CT Equity,2018,,6.0,0.0,6765.7938,,6.261,16.9421,0.0,42.8571,3.0,1.0,66.667,16.667,29.8246,2.71,1886.51,-25.0,1.25,71.936,2.873,8.1408,6.5124,205.5073,203.211,2.9799,1552.926,Aurora Cannabis Inc,Health Care,,,2.0794415416798357,14.282492125377688,1.4060969884160703,0.4588723846030986,3.9889840465642745,0.0463228769432671,0.038131788328712814,0.13085684701009578,0,0,0,0,1,0,0,0,0,0
ACB CT Equity,2019,100.0,8.0,0.0,3039.7424,,12.544,15.2893,0.0,51.7857,5.0,2.0,100.0,25.0,14.0351,3.54,5499.241,-25.0,1.2452,-293.509,2.366,-9.8969,-7.948,344.8438,644.825,2.1012,4387.374,Aurora Cannabis Inc,Health Care,13.0,4.018632740486404,2.4849066497880004,14.694579473558997,1.6253112615903906,0.18861607142857142,4.007333185232471,-0.06689855936603537,-0.053372638151337616,0.1469728817283414,0,0,0,0,1,0,0,0,0,0
ACB CT Equity,2020,98.23,9.0,0.0,1502.5579,,14.392,15.2893,0.0,51.7857,7.0,2.0,100.0,22.222,14.0351,2.69,2783.695,22.993,1.2677,-3283.671,1.177,-100.5138,-79.2876,13.5907,531.247,0.9224,2126.45,Aurora Cannabis Inc,Health Care,14.0,4.050810560198372,2.9444389791664403,15.859757211969875,-1.1086626245216111,0.08178154530294608,4.007333185232471,-1.5442032495473677,-1.1796087574249332,0.24982811728467633,0,0,0,0,1,0,0,0,0,0
ACO/X CT Equity,2010,95.55,9.0,0.0,3434.5326,25.5814,60.375,39.2562,1.0,66.0714,6.0,1.0,75.0,11.111,43.8596,,10084.0,-1.227,5.0252,291.9,0.944,14.9906,3.1347,12.1297,3515.0,1.1436,4180.0,Atco Ltd/Canada,Utilities,48.0,4.240520672379702,1.6094379124341003,15.171411946519278,,0.015635610766045548,,0.06983253588516745,0.028946846489488295,0.8409090909090909,0,0,0,0,0,0,0,0,0,1
ACO/X CT Equity,2011,94.64,8.0,0.0,3472.1004,29.4574,50.442,41.3223,1.0,66.0714,5.0,1.0,66.667,12.5,43.8596,,12453.0,16.9772,5.4424,291.9,0.77,14.9906,3.1347,14.4865,4780.0,1.1056,4663.0,Atco Ltd/Canada,Utilities,49.0,4.237723145067448,1.9459101490553132,15.18979711307987,,0.015265056897030253,,0.0625991850739867,0.02344013490725126,1.0250911430409608,0,0,0,0,0,0,0,0,0,1
ACO/X CT Equity,2012,100.0,10.0,1.0,4638.9046,25.5814,51.869,39.2562,1.0,66.0714,6.0,2.0,100.0,20.0,43.8596,,14055.0,13.6283,5.8478,291.9,0.86,14.9906,3.1347,0.5262,5538.0,1.1617,4921.0,Atco Ltd/Canada,Utilities,50.0,4.204692619390966,1.9459101490553132,15.283210005989833,,0.01658023096647323,,0.059317211948790895,0.0207684098185699,1.1253810201178622,0,0,0,0,0,0,0,0,0,1
ACO/X CT Equity,2013,96.0,10.0,1.0,5370.0169,27.1318,52.647,38.843,1.0,60.7143,6.0,2.0,66.667,20.0,43.8596,13.37,16010.0,13.3956,5.7486,418.0,0.911,15.9847,2.7806,8.6491,6397.0,1.1569,6013.0,Atco Ltd/Canada,Utilities,51.0,4.219507705176107,2.302585092994046,15.554456103549708,2.6390573296152584,0.017303929948525084,4.02535169073515,0.06951604856145019,0.026108682073703936,1.0638616331282222,0,0,0,0,0,0,0,0,0,1
ACO/X CT Equity,2014,98.92,12.0,1.0,5488.7536,29.4574,52.268,40.0826,1.0,60.7143,8.0,3.0,60.0,25.0,43.8596,10.71,17689.0,0.5495,5.5904,420.0,0.899,13.935,2.4927,4.4735,7388.0,1.1311,6280.0,Atco Ltd/Canada,Utilities,52.0,4.21089721163404,1.9459101490553132,15.2152424793106,2.70805020110221,0.01719981633121604,4.04305126783455,0.06687898089171974,0.02374356944994064,1.1764331210191084,0,0,0,0,0,0,0,0,0,1
ACO/X CT Equity,2015,96.25,11.0,1.0,4107.7359,30.2326,28.317,39.2562,1.0,55.3571,6.0,3.0,60.0,27.273,43.8596,11.05,19055.0,-63.388,5.6321,154.0,0.924,4.721,0.8382,-9.2885,8056.0,1.0394,6893.0,Atco Ltd/Canada,Utilities,53.0,4.196509978983386,1.9459101490553132,15.10794084316741,2.772588722239781,0.03263057527280432,4.060443010546419,0.022341505875525896,0.008081868276043033,1.1687218917742637,0,0,0,0,0,0,0,0,0,1
ACO/X CT Equity,2016,100.0,10.0,1.0,5122.0249,27.1318,40.572,38.843,1.0,60.7143,6.0,3.0,60.0,30.0,43.8596,7.85,19724.0,121.6418,5.6185,340.0,0.145,9.8522,1.7534999999999998,-2.0818,8378.0,1.0798,7199.0,Atco Ltd/Canada,Utilities,54.0,4.183575695950044,1.9459101490553132,15.496625203770492,2.833213344056216,0.00357389332544612,4.07753744390572,0.04722878177524656,0.01723788278239708,1.163772746214752,0,0,0,0,0,0,0,0,0,1
ACO/X CT Equity,2017,100.0,10.0,1.0,5159.6369,28.6822,41.209,39.6694,1.0,60.7143,6.0,3.0,60.0,30.0,43.8596,8.85,21786.0,-35.3535,5.6886,219.0,0.43,6.0025,1.0552,13.7206,9990.0,1.0647,7103.0,Atco Ltd/Canada,Utilities,55.0,4.1956970564823886,2.0794415416798357,15.60325949575148,2.8903717578961645,0.010434613797956757,4.0943445622221,0.0308320427988174,0.010052327182594327,1.406447979726876,0,0,0,0,0,0,0,0,0,1
ACO/X CT Equity,2018,100.0,10.0,1.0,4430.7256,26.3566,42.205,38.4298,1.0,60.7143,6.0,3.0,80.0,30.0,43.8596,9.85,23344.0,49.4792,5.8932,328.0,0.444,8.5662,1.4536,6.2609,10973.0,1.0223,7442.0,Atco Ltd/Canada,Utilities,56.0,4.210645017918261,1.9459101490553132,15.392994538121519,2.9444389791664403,0.010520080559175454,4.110873864173311,0.04407417360924483,0.01405071967100754,1.4744692287019618,0,0,0,0,0,0,0,0,0,1
ACO/X CT Equity,2019,98.41,9.0,1.0,5708.7738,32.5581,33.011,41.7355,1.0,60.7143,6.0,3.0,80.0,33.333,43.8596,10.85,21703.0,56.446,5.6971,513.0,0.467,12.9758,2.2776,-3.7234,9535.0,1.0787,7858.0,Atco Ltd/Canada,Utilities,57.0,4.240520672379702,1.9459101490553132,14.545616279509751,2.995732273553991,0.014146799551664596,4.127134385045092,0.06528378722321201,0.02363728516794913,1.2134130822092135,0,0,0,0,0,0,0,0,0,1
ACO/X CT Equity,2020,100.0,9.0,1.0,4201.6917,39.5349,30.472,45.4545,1.0,60.7143,6.0,3.0,75.0,33.333,43.8596,12.54,22200.0,-50.7795,5.4524,252.0,0.477,6.2593,1.148,-16.1921,9722.0,1.0058,7849.0,Atco Ltd/Canada,Utilities,58.0,4.254818067932839,1.791759469228055,15.621263822379284,3.044522437723423,0.015653714885796796,4.143134726391533,0.03210600076442859,0.011351351351351352,1.238629124729265,0,0,0,0,0,0,0,0,0,1
AEM CT Equity,2010,100.0,11.0,0.0,12859.0485,40.3101,78.926,45.0413,0.0,62.5,9.0,1.0,100.0,9.091,38.5965,,5500.351,272.7273,1.519,332.116,0.217,10.3508,6.8142,131.7708,650.0,2.6967,3665.45,Agnico Eagle Mines Ltd,Materials,38.0,4.192408522647289,2.1972245773362196,15.911622866998455,,0.0027494108405341712,,0.09060715601085816,0.06038087387513997,0.17733156911156886,0,0,0,0,0,0,0,1,0,0
AEM CT Equity,2011,98.05,14.0,0.0,6323.7237,46.5116,79.702,50.8264,0.0,62.5,12.0,2.0,100.0,14.286,49.1228,,5034.262,272.7273,1.5338,-568.895,0.255,-16.5655,-10.8005,28.0683,931.163,1.6004,3215.163,Agnico Eagle Mines Ltd,Materials,39.0,4.093160528197056,2.3978952727983707,15.758909986368078,,0.003199417831422047,,-0.17694126238700805,-0.11300464695719055,0.28961610966535756,0,0,0,0,0,0,0,1,0,0
AEM CT Equity,2012,96.0,13.0,0.0,8958.4939,51.1628,65.173,53.3058,0.0,62.5,12.0,2.0,100.0,15.385,49.1228,,5255.842,272.7273,1.556,310.916,0.375,9.4029,6.043,5.2649,842.955,2.0669,3410.212,Agnico Eagle Mines Ltd,Materials,40.0,4.182630127089461,2.0794415416798357,16.06779765057501,,0.005753916499163764,,0.09117204443594709,0.05915626839619608,0.24718551222035465,0,0,0,0,0,0,0,1,0,0
AEM CT Equity,2013,96.87,12.0,0.0,4869.674,51.1628,80.142,53.3058,0.0,62.5,11.0,2.0,100.0,16.667,49.1228,10.33,4580.081,272.7273,1.6052,-686.705,0.245,-22.4134,-13.9632,-14.5646,999.391,1.4084,2717.406,Agnico Eagle Mines Ltd,Materials,41.0,4.179497268508576,2.0794415416798357,16.055812717402716,2.77757626375082,0.003057073694192808,3.9889840465642745,-0.2527060733655553,-0.14993293786725606,0.3677738990787538,0,0,0,0,0,0,0,1,0,0
AEM CT Equity,2014,97.11,12.0,0.0,6216.2048,52.7132,75.965,54.9587,0.0,66.0714,11.0,3.0,100.0,25.0,49.1228,10.86,6809.255,272.7273,1.6784,82.97,0.157,2.4454,1.457,15.769,1396.785,1.1859,4068.49,Agnico Eagle Mines Ltd,Materials,42.0,4.182050142641207,2.0794415416798357,15.829136763725359,2.837908188360424,0.0020667412624234844,4.007333185232471,0.02039331545610288,0.012184886599194773,0.3433177911215218,0,0,0,0,0,0,0,1,0,0
AEM CT Equity,2015,96.38,12.0,0.0,7916.745,56.5891,87.172,57.0248,0.0,66.0714,11.0,3.0,100.0,25.0,49.1228,9.94,6683.18,-74.4186,1.6435,24.583,0.184,0.5989,0.3644,4.6746,1142.227,1.2384,4141.02,Agnico Eagle Mines Ltd,Materials,43.0,4.162781723775329,1.9459101490553132,15.971035440899549,2.89480635496403,0.002110769513146423,4.02535169073515,0.005936460099202611,0.003678338754904102,0.27583228286750605,0,0,0,0,0,0,0,1,0,0
AEM CT Equity,2016,99.0,12.0,0.0,12717.7287,56.5891,87.71,57.0248,0.0,66.0714,11.0,3.0,100.0,25.0,49.1228,10.94,7107.951,545.4545,1.5974,158.824,0.186,3.6793,2.3033,7.6961,1208.221,1.6993,4492.474,Agnico Eagle Mines Ltd,Materials,44.0,4.178226046202803,1.9459101490553132,15.908630620666502,2.9486406660201405,0.0021206247862273404,4.04305126783455,0.03535334873390475,0.022344554710633208,0.26894334836439787,0,0,0,0,0,0,0,1,0,0
AEM CT Equity,2017,100.0,12.0,0.0,13488.9708,57.3643,85.255,57.438,0.0,66.0714,11.0,3.0,100.0,25.0,49.1228,11.94,7865.601,49.2958,1.5863,243.887,0.227,5.1674,3.2576,4.8812,1375.263,1.7423,4946.991,Agnico Eagle Mines Ltd,Materials,45.0,4.193435464866331,2.0794415416798357,16.349653601552802,2.9997242948235283,0.0026626004339921415,4.060443010546419,0.04930006947657677,0.031006785114068208,0.2779998993327459,0,0,0,0,0,0,0,1,0,0
AEM CT Equity,2018,100.0,10.0,0.0,12926.8104,60.4651,91.812,59.0909,0.0,66.0714,9.0,3.0,100.0,30.0,49.1228,12.85,7852.843,49.2958,1.6551,-326.701,0.258,-6.8801,-4.1569,-2.2912,1723.222,1.6281,4550.012,Agnico Eagle Mines Ltd,Materials,46.0,4.177459468932607,2.0794415416798357,16.327320258044512,3.0483247236731614,0.0028100901842896355,4.07753744390572,-0.07180222821390363,-0.04160289464592633,0.3787291110441028,0,0,0,0,0,0,0,1,0,0
AEM CT Equity,2019,100.0,10.0,0.0,19183.2361,57.3643,95.158,56.1983,0.0,66.0714,9.0,3.0,100.0,30.0,43.8596,13.85,8789.885,49.2958,1.7226,473.166,0.283,9.7949,5.6862,13.8585,1840.936,2.0985,5111.514,Agnico Eagle Mines Ltd,Materials,47.0,4.192680462942962,1.791759469228055,16.325206212282158,3.0946722214088944,0.0029740011349544964,4.0943445622221,0.09256865969652044,0.053830738399876676,0.36015474084586285,0,0,0,0,0,0,0,1,0,0
AEM CT Equity,2020,100.0,9.0,0.0,21762.9236,58.1395,90.614,56.6116,0.0,66.0714,8.0,2.0,100.0,22.222,43.8596,14.5,9614.755,6.0,1.705,511.607,0.276,9.4788,5.5595,25.7815,1685.516,2.1815,5683.213,Agnico Eagle Mines Ltd,Materials,48.0,4.206347964968086,1.6094379124341003,16.468520264545344,3.138966441639899,0.0030458869490365727,4.110873864173311,0.09002073299029968,0.05321061223088889,0.2965780096575652,0,0,0,0,0,0,0,1,0,0
AGF/B CT Equity,2010,93.75,8.0,1.0,1727.8411,5.3571,36.808,16.2281,0.0,51.7857,5.0,1.0,100.0,12.5,3.3333,,5253.861,19.0909,4.7915,116.775,6.167,10.2385,2.1368,-0.5596,143.678,1.0716,1151.191,AGF Management Ltd,Financials,50.0,4.054043265448575,2.0794415416798357,14.837200404751295,,0.1675450988915453,,0.10143842333722206,0.022226511131527845,0.12480813348957731,0,0,0,1,0,0,0,0,0,0
AGF/B CT Equity,2011,91.13,9.0,1.0,1506.6762,5.3571,26.842,16.2281,0.0,51.7857,5.0,1.0,100.0,11.111,3.3333,,5150.57,-38.9313,4.4559,103.573,9.748,8.8715,1.9909,-18.4343,308.269,1.0611,1184.732,AGF Management Ltd,Financials,51.0,4.071928522937768,2.1972245773362196,14.60717368345911,,0.3631622084792489,,0.08742314717590138,0.02010903647557455,0.2602014632845234,0,0,0,1,0,0,0,0,0,0
AGF/B CT Equity,2012,97.78,9.0,1.0,883.1538,5.3571,28.231,16.2281,0.0,51.7857,5.0,1.0,100.0,11.111,3.3333,,1685.431,-63.75,3.053,52.26,6.954,4.668,1.529,-12.7512,308.401,0.841,1055.322,AGF Management Ltd,Financials,52.0,4.088829381533991,1.6094379124341003,13.895006346874236,,0.24632496192129216,,0.0495204307310944,0.031006905652026098,0.2922340290451635,0,0,0,1,0,0,0,0,0,0
AGF/B CT Equity,2013,97.5,8.0,1.0,1158.1825,5.3571,33.628,16.2281,0.0,51.7857,5.0,1.0,100.0,12.5,3.3333,14.61,1617.873,-13.7931,1.6344,22.447,5.757,2.2213,1.3591,-6.2249,307.888,1.1758,966.227,AGF Management Ltd,Financials,53.0,4.1047898200836395,1.6094379124341003,14.253276337022092,2.6390573296152584,0.17119662186273343,,0.02323160085569954,0.01387438939892068,0.3186497582866138,0,0,0,1,0,0,0,0,0,0
AGF/B CT Equity,2014,100.0,8.0,1.0,729.8208,5.3571,42.753,16.2281,0.0,51.7857,5.0,2.0,100.0,25.0,3.3333,13.52,1511.423,176.0,1.6505,61.255,6.245,6.4615,3.9149,-4.8614,308.199,0.95,929.775,AGF Management Ltd,Financials,54.0,4.110873864173311,1.6094379124341003,14.433164499639124,2.70805020110221,0.14607162070497978,,0.06588153047780378,0.04052803219217916,0.3314769702347342,0,0,0,1,0,0,0,0,0,0
AGF/B CT Equity,2015,100.0,9.0,1.0,419.7217,8.0357,68.853,17.5439,0.0,51.7857,6.0,3.0,100.0,33.333,3.3333,12.79,1436.925,-14.4928,1.6045,48.028,3.004,5.2276,3.258,-3.2575,268.782,0.6507,910.853,AGF Management Ltd,Financials,55.0,4.116318034143498,2.0794415416798357,,2.772588722239781,0.04362918100881589,,0.052728596162059084,0.03342415226960349,0.2950882304828551,0,0,0,1,0,0,0,0,0,0
AGF/B CT Equity,2016,100.0,8.0,1.0,506.0876,8.0357,52.015,17.5439,0.0,51.7857,5.0,3.0,100.0,37.5,3.3333,13.79,1362.881,-10.1695,1.5429,42.41,3.29,4.6742,3.0295,-4.991,188.206,0.6453,908.068,AGF Management Ltd,Financials,56.0,4.133164554071683,1.6094379124341003,,2.833213344056216,0.06325098529270402,,0.04670355083539999,0.031117903910906377,0.20725980873679062,0,0,0,1,0,0,0,0,0,0
AGF/B CT Equity,2017,100.0,9.0,1.0,651.6027,8.0357,39.098,14.9123,0.0,51.7857,6.0,4.0,100.0,44.444,8.3333,14.21,1333.476,25.1262,1.4625,51.858,2.909,5.6254,3.8465,5.9477,138.612,0.785,934.219,AGF Management Ltd,Financials,57.0,4.130708634958027,2.0794415416798357,,2.8903717578961645,0.07440278275103586,,0.05550946833665339,0.03888933884074403,0.14837206265340352,0,0,0,1,0,0,0,0,0,0
AGF/B CT Equity,2018,95.23,9.0,1.0,383.9517,8.0357,31.665,14.9123,0.0,51.7857,6.0,4.0,100.0,44.444,8.3333,12.14,1417.681,40.5814,1.441,74.284,3.487,7.7818,5.4002,-3.4394,188.605,0.5903,972.423,AGF Management Ltd,Financials,58.0,4.105399892899086,1.9459101490553132,,-2.5257286443082556,0.11012158534659719,,0.07639062424479882,0.05239824756062895,0.19395366008414033,0,0,0,1,0,0,0,0,0,0
AGF/B CT Equity,2019,100.0,10.0,0.0,512.9978,8.0357,25.414,14.9123,0.0,51.7857,6.0,4.0,100.0,40.0,8.3333,,1380.299,-34.5699,1.4748,47.858,2.646,5.0451,3.4209,-3.1425,207.283,0.6839,924.776,AGF Management Ltd,Financials,59.0,4.117409835153096,1.791759469228055,,0.0769610411361284,0.104115841662076,,0.05175091049075668,0.03467219783539653,0.22414400892756733,0,0,0,1,0,0,0,0,0,0
AGF/B CT Equity,2020,99.2,10.0,0.0,425.1359,8.0357,20.971,16.2281,0.0,57.1429,6.0,4.0,100.0,40.0,8.3333,12.35,1347.539,268.8525,1.4054,173.908,5.822,17.9198,12.7506,-5.0875,85.663,0.5355,1016.179,AGF Management Ltd,Financials,60.0,4.12552017969055,2.4849066497880004,15.216862236558253,3.0483247236731614,0.277621477278146,4.110873864173311,0.17113913985626547,0.12905600505810963,0.08429912446527629,0,0,0,1,0,0,0,0,0,0
AGI CT Equity,2010,96.42,7.0,0.0,2193.2007,,,11.9835,0.0,42.8571,6.0,0.0,100.0,0.0,8.7719,,506.436,5.7692,1.1208,63.795,,16.4988,14.7211,10.4077,0.0,4.4765,453.129,Alamos Gold Inc,Materials,,,2.302585092994046,,,,,0.14078772270148235,0.1259685330426747,0.0,0,0,0,0,0,0,0,1,0,0
AGI CT Equity,2011,96.42,7.0,0.0,2075.8404,,,11.9835,0.0,42.8571,6.0,0.0,100.0,0.0,8.7719,,599.224,-7.2727,1.1206,60.081,,12.1784,10.8679,20.1255,0.0,3.5202,533.55,Alamos Gold Inc,Materials,,,2.1972245773362196,14.774474441461633,,,,0.11260612876019119,0.10026467564717034,0.0,0,0,0,0,0,0,0,1,0,0
AGI CT Equity,2012,98.33,6.0,0.0,2107.2341,6.2016,,20.6612,0.0,57.1429,5.0,0.0,100.0,0.0,17.5439,,753.856,92.1569,1.1332,117.956,,19.7578,17.4352,44.8655,0.0,2.9361,660.472,Alamos Gold Inc,Materials,,4.083165643630666,2.302585092994046,14.755217671416728,,,,0.17859349071573058,0.1564702012055353,0.0,0,0,0,0,0,0,0,1,0,0
AGI CT Equity,2013,97.61,6.0,0.0,1643.6146,6.2016,,19.4215,0.0,51.7857,5.0,0.0,100.0,0.0,17.5439,3.92,898.028,-69.3878,1.1219,38.792,,5.2692,4.6967,-14.3257,0.0,1.818,811.947,Alamos Gold Inc,Materials,,4.099879217720575,1.9459101490553132,15.003066614867501,,,,0.0477765174327881,0.04319687136703978,0.0,0,0,0,0,0,0,0,1,0,0
AGI CT Equity,2014,97.56,6.0,0.0,1057.0671,7.7519,,22.7273,0.0,57.1429,5.0,0.0,100.0,0.0,22.807,2.92,2281.8,-69.3878,1.3015,-169.6,,-13.8832,-10.6672,2.1663,314.4,1.0669,1631.3,Alamos Gold Inc,Materials,,4.108132404887369,1.9459101490553132,14.86005820803655,,,,-0.10396616195672163,-0.07432728547637829,0.19272972475939434,0,0,0,0,0,0,0,1,0,0
AGI CT Equity,2015,100.0,9.0,0.0,1167.9234,27.1318,63.528,35.5372,0.0,57.1429,8.0,1.0,100.0,11.111,33.3333,1.22,2462.2,-94.0741,1.4138,-508.9,0.369,-30.3323,-21.4545,23.1703,320.3,0.6433,1724.2,Alamos Gold Inc,Materials,,4.112691882706826,1.6094379124341003,15.28317099921397,-0.6931471805599453,0.005808462410275784,4.007333185232471,-0.29515137455051615,-0.206685078385184,0.18576731237675445,0,0,0,0,0,0,0,1,0,0
AGI CT Equity,2016,98.14,9.0,0.0,2472.8332,31.0078,97.068,37.6033,0.0,57.1429,8.0,1.0,100.0,11.111,33.3333,2.22,2492.2,97.3282,1.4222,-17.9,0.416,-1.0277,-0.7226,35.7927,304.9,1.0374,1759.4,Alamos Gold Inc,Materials,1.0,4.128923106908514,1.791759469228055,15.190792854023409,0.4054651081081644,0.0042856554168211975,4.02535169073515,-0.010173922928271,-0.007182409116443303,0.173297715130158,0,0,0,0,0,0,0,1,0,0
AGI CT Equity,2017,95.83,9.0,0.0,3186.3392,40.3101,81.68,43.3884,0.0,60.7143,8.0,1.0,100.0,11.111,33.3333,3.22,3320.3,97.3282,1.3089,26.6,0.276,1.198,0.9153,12.5674,0.0,0.9586,2681.2,Alamos Gold Inc,Materials,2.0,4.150157627041313,2.0794415416798357,15.403631902968941,0.9162907318741551,0.0033790401567091086,4.04305126783455,0.009920930926450845,0.008011324277926694,0.0,0,0,0,0,0,0,0,1,0,0
AGI CT Equity,2018,100.0,9.0,0.0,1921.0172,38.7597,92.152,43.8017,0.0,60.7143,8.0,2.0,100.0,22.222,38.5965,3.91,3272.2,97.3282,1.2478,-72.6,0.262,-2.7482,-2.2025,20.0811,0.0,0.6356,2602.3,Alamos Gold Inc,Materials,3.0,4.139604693626965,1.791759469228055,15.041578777549862,1.252762968495368,0.002843128743814567,4.060443010546419,-0.02789839757137916,-0.022186907890715726,0.0,0,0,0,0,0,0,0,1,0,0
AGI CT Equity,2019,100.0,10.0,0.0,3062.0845,46.5116,99.792,53.719,0.0,64.2857,9.0,3.0,100.0,30.0,59.6491,4.1,3396.5,97.3282,1.2588,96.1,0.321,3.6281,2.8821,4.8021,0.0,0.9011,2695.3,Alamos Gold Inc,Materials,4.0,4.151039905898646,1.6094379124341003,15.208034121206564,1.5040773967762742,0.0032166907166907167,4.07753744390572,0.03565465810855934,0.028293831885764755,0.0,0,0,0,0,0,0,0,1,0,0
AGI CT Equity,2020,100.0,10.0,0.0,4367.1317,55.814,83.725,59.9174,0.0,69.6429,9.0,3.0,100.0,30.0,59.6491,6.21,3636.5,48.0,1.2679,144.2,0.369,5.1994,4.1007,9.5154,0.0,1.1566,2851.5,Alamos Gold Inc,Materials,5.0,4.1666652238017265,1.6094379124341003,15.266946827685963,2.89480635496403,0.004407285756942371,4.0943445622221,0.050569875504120634,0.03965351299326275,0.0,0,0,0,0,0,0,0,1,0,0
AGU CT Equity,2010,100.0,11.0,0.0,14413.0064,34.8837,70.032,44.2149,,62.5,10.0,,,18.0,47.3684,,12892.0,98.7124,2.3194,713.0,0.242,14.5853,6.2883,17.6799,2760.0,1.7256,5193.0,Agrium Inc,Materials,18.0,4.109397364848393,1.9459101490553132,16.00373973999565,,0.003455563171121773,,0.13730021182360871,0.05530561588582066,0.5314846909300982,0,0,0,0,0,0,0,1,0,0
AGU CT Equity,2011,100.0,11.0,0.0,10791.4921,41.0853,71.65,50.4132,0.0,69.6429,10.0,2.0,100.0,18.182,52.6316,,13140.0,105.8315,2.2424,1371.0,0.253,23.6196,10.5332,44.0007,2363.0,1.3199,6428.0,Agrium Inc,Materials,19.0,4.125665564921283,1.6094379124341003,16.01902741007502,,0.003531053733426378,,0.21328562538892346,0.10433789954337899,0.36761045426260114,0,0,0,0,0,0,0,1,0,0
AGU CT Equity,2012,96.72,11.0,0.0,14806.5793,38.7597,78.395,49.1736,0.0,66.0714,10.0,2.0,100.0,18.182,56.1404,,15805.0,1.469,2.1698,1494.0,0.237,22.3988,10.323,3.5811,3901.0,1.5018,6920.0,Agrium Inc,Materials,20.0,4.1416892377315495,2.3978952727983707,16.22790062698382,,0.003023151986733848,,0.21589595375722542,0.0945270484024043,0.5637283236994219,0,0,0,0,0,0,0,1,0,0
AGU CT Equity,2013,96.69,11.0,0.0,14080.8917,38.7597,70.036,51.6529,0.0,71.4286,10.0,2.0,100.0,18.182,61.4035,6.35,15977.0,-24.4054,2.3182,1062.0,0.204,15.4923,6.683,-1.8535,3888.0,1.3988,6796.0,Agrium Inc,Materials,21.0,4.116823343982527,2.302585092994046,16.985721176373502,2.327277705584417,0.002912787709178137,4.127134385045092,0.1562683931724544,0.0664705514176629,0.5721012360211889,0,0,0,0,0,0,0,1,0,0
AGU CT Equity,2014,96.72,12.0,0.0,15808.7604,38.7597,86.843,50.4132,0.0,66.0714,11.0,2.0,100.0,16.667,61.4035,6.8,17108.0,-24.6238,2.4555,714.0,0.056,10.5982,4.3162,2.0029,5097.0,1.4067,6687.0,Agrium Inc,Materials,22.0,3.9997224789583754,1.6094379124341003,15.713277145747437,0.0,0.0006448418410234561,3.784189633918261,0.10677433826828174,0.041734860883797055,0.7622252131000449,0,0,0,0,0,0,0,1,0,0
AGU CT Equity,2015,99.0,9.0,0.0,17087.361,38.7597,92.363,51.2397,0.0,69.6429,8.0,2.0,100.0,22.222,61.4035,8.21,16377.0,26.6788,2.6401,988.0,0.056,15.5799,5.9011,-7.7733,5356.0,1.3871,6007.0,Agrium Inc,Materials,23.0,4.132490980578596,2.0794415416798357,16.161317110059596,0.6931471805599453,0.0006063033898855602,3.8066624897703196,0.16447477942400532,0.06032850949502351,0.891626435824871,0,0,0,0,0,0,0,1,0,0
AGU CT Equity,2016,97.84,10.0,0.0,18648.152,32.5581,94.282,46.6942,0.0,64.2857,9.0,2.0,100.0,20.0,61.4035,5.61,16963.0,-39.8281,2.7391,592.0,0.097,9.7272,3.5513,-9.0436,5112.0,1.4526,6174.0,Agrium Inc,Materials,24.0,4.0809215418899605,2.3978952727983707,16.25951578507769,1.0986122886681098,0.0010288284083918458,3.828641396489095,0.09588597343699384,0.034899487119023756,0.8279883381924198,0,0,0,0,0,0,0,1,0,0
AGU CT Equity,2017,97.84,9.0,0.0,19975.7893,13.1783,94.286,20.2479,0.0,23.2143,9.0,2.0,100.0,22.222,33.3333,7.13,17942.0,-14.2857,2.8401,310.0,0.069,5.0448,1.7762,2.2962,5275.0,1.5479,6128.0,Agrium Inc,Materials,25.0,4.0809215418899605,2.3978952727983707,,1.3862943611198906,0.000731815964194048,3.8501476017100584,0.050587467362924285,0.01727789544086501,0.8608028720626631,0,0,0,0,0,0,0,1,0,0
AGU CT Equity,2018,97.84,9.0,0.0,19975.7893,13.1783,20.154,20.2479,0.0,23.2143,9.0,2.0,100.0,22.222,33.3333,7.21,45502.0,-14.2857,2.077,3573.0,0.069,23.3942,11.2635,42.6413,9223.0,1.5479,24425.0,Agrium Inc,Materials,26.0,4.0809215418899605,2.3978952727983707,,1.4060969884160703,0.003423637987496279,3.8501476017100584,0.14628454452405323,0.07852402092215727,0.37760491299897647,0,0,0,0,0,0,0,1,0,0
AIF CT Equity,2010,,,,230.6574,,,,,,,,,,,,364.089,-67.2727,2.1423,-9.272,,-5.6468,-2.6358,17.2796,132.033,1.4196,179.103,Altus Group Ltd/Canada,Real Estate,,,,,,,,-0.0517690937616902,-0.02546630082205175,0.7371903318202374,0,0,0,0,0,0,0,0,1,0
AIF CT Equity,2011,,,,79.409,,47.215,,,,,,,,,5.35,466.47,-73.913,2.8312,-18.31,6.879,-12.483,-4.4091000000000005,17.5311,223.917,0.8492,152.422,Altus Group Ltd/Canada,Real Estate,,,,,,0.14569522397543153,,-0.12012701578512287,-0.039252256308015515,1.4690595845744052,0,0,0,0,0,0,0,0,1,0
AIF CT Equity,2012,,,,186.51,,51.71,,,,,,,,,3.85,418.039,31.25,3.2119,-12.654,11.209,-9.19,-2.8612,7.2805,212.24,1.1556,127.446,Altus Group Ltd/Canada,Real Estate,,,,,-1.1086626245216111,0.21676658286598335,4.02535169073515,-0.09928911068217128,-0.030269903047323337,1.6653327683881802,0,0,0,0,0,0,0,0,1,0
AIF CT Equity,2013,,,,471.8857,,25.056,,,,,,,,,4.25,442.438,31.25,2.6346,18.607,3.962,11.3941,4.3248,3.7758,157.099,1.6181,207.859,Altus Group Ltd/Canada,Real Estate,,,,,0.28517894223366247,0.15812579821200512,4.04305126783455,0.08951741324647958,0.042055610051577846,0.7557959963244314,0,0,0,0,0,0,0,0,1,0
AIF CT Equity,2014,,,,672.162,,39.0,,,,,,,,,4.73,549.726,-43.0641,2.0874,13.171,4.435,5.542,2.655,14.4809,171.223,1.7135,276.009,Altus Group Ltd/Canada,Real Estate,,,,,0.8458682675776092,0.11371794871794871,4.060443010546419,0.0477194584234572,0.023959208769459693,0.6203529595049437,0,0,0,0,0,0,0,0,1,0
AIF CT Equity,2015,,8.0,0.0,708.2101,,51.501,,0.0,,7.0,2.0,100.0,25.0,,4.62,597.724,-36.3636,1.8397,9.249,4.381,2.9659,1.6121,14.474,136.431,1.5964,353.122,Altus Group Ltd/Canada,Real Estate,,4.127134385045092,2.4849066497880004,,1.2029723039923526,0.08506630939205065,4.07753744390572,0.026192080923873335,0.015473696890203505,0.3863565566574725,0,0,0,0,0,0,0,0,1,0
AIF CT Equity,2016,91.67,9.0,0.0,1158.7041,,47.815,,0.0,,8.0,3.0,100.0,33.333,,5.12,590.851,39.2857,1.7196,14.268,4.618,4.1285,2.4009,13.7263,123.935,2.3704,340.593,Altus Group Ltd/Canada,Real Estate,,4.13427015509442,2.4849066497880004,,1.4655675420143985,0.09658057095053854,4.0943445622221,0.04189164193039786,0.024148220109638473,0.3638800562548261,0,0,0,0,0,0,0,0,1,0
AIF CT Equity,2017,98.0,8.0,0.0,1429.1491,,48.97,16.1157,0.0,51.7857,7.0,3.0,100.0,37.5,17.5439,5.86,726.115,638.4615,1.7498,109.417,4.604,29.0749,16.6165,7.6025,150.796,2.388,412.062,Altus Group Ltd/Canada,Real Estate,6.0,4.131158535344817,2.3978952727983707,,1.673351238177753,0.09401674494588524,4.110873864173311,0.2655352835252947,0.15068825186093113,0.36595463789429744,0,0,0,0,0,0,0,0,1,0
AIF CT Equity,2018,98.75,8.0,0.0,930.3039,6.9767,73.176,19.8347,0.0,51.7857,6.0,3.0,100.0,37.5,17.5439,6.14,658.182,638.4615,1.7966,-18.439,1.742,-4.7863,-2.664,7.1065,129.367,1.8584,358.426,Altus Group Ltd/Canada,Real Estate,7.0,4.1470951276076295,2.302585092994046,14.68192299386826,1.8453002361560848,0.023805619328741662,4.127134385045092,-0.05144437066507452,-0.028015047509655385,0.36093084765056105,0,0,0,0,0,0,0,0,1,0
AIF CT Equity,2019,96.36,10.0,0.0,1524.446,6.9767,74.669,19.8347,0.0,51.7857,8.0,3.0,100.0,30.0,17.5439,6.22,735.125,638.4615,1.9403,18.194,1.277,5.0674,2.6116,2.9951,214.246,2.5673,359.652,Altus Group Ltd/Canada,Real Estate,8.0,4.151039905898646,2.3978952727983707,15.168317678121669,1.8594181177018698,0.017102144129424526,4.127134385045092,0.05058779041962786,0.02474953239245026,0.5957036246149056,0,0,0,0,0,0,0,0,1,0
AIF CT Equity,2020,96.25,8.0,0.0,2004.2951,6.9767,81.229,19.8347,0.0,51.7857,7.0,3.0,100.0,37.5,17.5439,4.77,735.4,9.8361,1.9789,21.433,1.12,5.7685,2.915,6.7411,186.015,3.1801,383.449,Altus Group Ltd/Canada,Real Estate,9.0,4.133164554071683,2.302585092994046,15.876428084574815,-1.1086626245216111,0.013788179098597792,3.912023005428146,0.055895308111378564,0.02914468316562415,0.4851101450258052,0,0,0,0,0,0,0,0,1,0
AIM CT Equity,2010,100.0,9.0,0.0,2569.6373,2.3256,25.41,14.876,0.0,55.3571,8.0,1.0,100.0,11.111,3.5088,,5140.964,-95.5556,2.92,14.923,0.318,0.246,0.2881,43.1082,643.903,1.1792,1635.143,Aimia Inc,Communication Services,2.0,4.02733187173916,2.302585092994046,14.848590053592504,,0.012514757969303424,,0.009126418912596634,0.0029027629837516857,0.3937900232579047,0,0,0,0,0,0,0,0,0,0
AIM CT Equity,2011,100.0,9.0,0.0,2076.9737,2.3256,38.527,14.876,0.0,55.3571,8.0,1.0,100.0,11.111,3.5088,,4931.733,-95.5556,3.4287,-59.678,0.215,-4.8262,-1.1849,2.9019,586.678,1.1561,1291.507,Aimia Inc,Communication Services,3.0,4.04305126783455,2.1972245773362196,15.18772932100461,,0.005580501985620474,,-0.04620803448994082,-0.012100817298908922,0.4542584747895288,0,0,0,0,0,0,0,0,0,0
AIM CT Equity,2012,100.0,10.0,0.0,2561.5835,2.3256,27.67,14.876,0.0,55.3571,9.0,2.0,100.0,20.0,3.5088,,5246.581,-95.5556,3.8553,165.507,0.234,11.6885,3.2521,6.2863,793.126,1.2339,1324.67,Aimia Inc,Communication Services,4.0,4.053522567701846,2.0794415416798357,15.276244729030779,,0.00845681243223708,,0.12494206104161791,0.03154568661000373,0.5987347792280341,0,0,0,0,0,0,0,0,0,0
AIM CT Equity,2013,99.5,10.0,0.0,3373.7156,10.8527,48.42,23.9669,0.0,55.3571,9.0,2.0,100.0,20.0,22.807,4.53,5338.596,-95.5556,5.0324,-498.281,0.2,-48.4444,-9.4147,-25.5843,794.853,1.4881,772.91,Aimia Inc,Communication Services,5.0,4.072439726834051,2.995732273553991,15.18072887133221,0.5128236264286637,0.004130524576621231,3.970291913552122,-0.6446817870127182,-0.09333558860794113,1.0283901101033754,0,0,0,0,0,0,0,0,0,0
AIM CT Equity,2014,100.0,9.0,0.0,2532.8839,10.8527,52.321,23.9669,0.0,55.3571,8.0,2.0,100.0,22.222,22.807,5.25,5404.8,88.1356,6.9723,-40.3,0.177,-7.8527,-0.7502,47.5189,646.4,1.3221,778.7,Aimia Inc,Communication Services,6.0,4.075654316000621,2.0794415416798357,15.547650233700113,0.9820784724121582,0.0033829628638596355,3.9889840465642745,-0.05175292153589315,-0.007456335109532267,0.8301014511365095,0,0,0,0,0,0,0,0,0,0
AIM CT Equity,2015,98.0,9.0,0.0,1475.2392,13.1783,58.989,25.2066,0.0,55.3571,8.0,2.0,100.0,22.222,22.807,6.25,5224.7,68.5714,8.3915,0.1,0.207,-2.8105,0.0019,-0.3321,647.3,1.1838,504.4,Aimia Inc,Communication Services,7.0,4.092492848858626,2.3978952727983707,15.403783792617231,1.3001916620664788,0.003509128820627575,4.007333185232471,0.00019825535289452818,1.913985491989971e-05,1.2833068992862806,0,0,0,0,0,0,0,0,0,0
AIM CT Equity,2016,98.0,12.0,0.0,1352.3762,4.6512,69.639,19.4215,0.0,50.0,11.0,3.0,100.0,25.0,22.807,5.53,4508.0,-718.1818,15.95,-66.3,0.212,-27.2697,-1.3624,-28.5012,448.3,1.2744,115.5,Aimia Inc,Communication Services,8.0,4.081765780015241,2.3978952727983707,15.320296370421563,1.541159071680806,0.003044271169890435,4.02535169073515,-0.574025974025974,-0.014707187222715173,3.8813852813852816,0,0,0,0,0,0,0,0,0,0
AIM CT Equity,2017,98.0,9.0,0.0,569.6289,2.3256,56.704,18.1818,0.0,50.0,8.0,1.0,100.0,11.111,22.807,4.8100000000000005,4069.7,-45.5556,15.95,-270.5,0.213,-27.2697,-6.3071,-86.8073,449.3,1.1943,-221.0,Aimia Inc,Communication Services,9.0,4.0812930944773695,2.6390573296152584,16.060548526285984,0.0,0.0037563487584650113,3.8918202981106265,1.2239819004524888,-0.06646681573580362,-2.0330316742081447,0,0,0,0,0,0,0,0,0,0
AIM CT Equity,2018,98.0,9.0,0.0,562.0136,2.3256,35.621,18.1818,0.0,50.0,8.0,1.0,100.0,11.111,22.807,3.48,3397.3,9.9237,15.95,-72.0,0.232,-27.2697,-1.9285,-28.0052,300.9,1.3452,-294.9,Aimia Inc,Communication Services,10.0,4.052758386901171,3.8066624897703196,15.841298785757909,-0.40047756659712525,0.006513011987310856,3.713572066704308,0.2441505595116989,-0.021193300562211168,-1.0203458799593081,0,0,0,0,0,0,0,0,0,0
AIM CT Equity,2019,98.0,8.0,0.0,390.7591,2.3256,39.946,18.1818,0.0,50.0,7.0,1.0,100.0,12.5,22.807,1.74,571.8,9.9237,15.95,1112.4,0.329,-27.2697,56.053,-28.0052,0.0,1.2332,435.6,Aimia Inc,Communication Services,11.0,4.018632740486404,3.1780538303479458,15.252909070585327,0.5128236264286637,0.008236118760326441,3.7376696182833684,2.553719008264463,1.945435466946485,0.0,0,0,0,0,0,0,0,0,0,0
AIM CT Equity,2020,100.0,7.0,0.0,386.759,4.6512,39.073,20.6612,0.0,55.3571,4.0,2.0,100.0,28.571,22.807,1.1,444.2,9.9237,2.5105,-4.1,8.122,-8.3024,-0.8071,-28.0052,0.0,1.4092,431.3,Aimia Inc,Communication Services,12.0,3.996897100056136,2.995732273553991,15.451742093831118,-0.2876820724517809,0.2078673252629693,3.8918202981106265,-0.009506144215163458,-0.009230076542098153,0.0,0,0,0,0,0,0,0,0,0,0
ALA CT Equity,2010,100.0,9.0,1.0,1781.0665,,28.25,13.6364,0.0,55.3571,8.0,0.0,100.0,0.0,3.5088,,2752.538,-33.8889,2.6051,101.262,16.333,9.4129,3.7634,7.182,904.484,1.2812,1211.031,AltaGas Ltd,Utilities,17.0,4.170966039540121,1.9459101490553132,14.499970614489264,,0.5781592920353982,,0.08361635664157235,0.03678859292769073,0.7468710544981921,0,0,0,0,0,0,0,0,0,1
ALA CT Equity,2011,100.0,9.0,1.0,2829.643,,28.424,14.876,0.0,55.3571,8.0,1.0,100.0,11.111,8.7719,,3556.226,-17.647100000000002,2.8964,92.73,4.926,7.5964,2.9397,-5.592,1337.084,1.4725,1360.788,AltaGas Ltd,Utilities,18.0,4.155408303297834,2.1972245773362196,14.823562999444441,,0.17330424992963694,,0.06814433989717722,0.0260753956582062,0.9825806811935438,0,0,0,0,0,0,0,0,0,1
ALA CT Equity,2012,100.0,9.0,1.0,3518.7234,,29.115,15.2893,0.0,51.7857,8.0,1.0,100.0,11.111,14.0351,,5932.376,9.1837,3.4804,116.769,4.29,7.4715,2.4612,11.5683,2702.326,1.3323,1999.797,AltaGas Ltd,Utilities,19.0,4.170966039540121,1.9459101490553132,14.731876886980894,,0.14734672849046884,,0.05839042662830277,0.01968334441377283,1.351300156965932,0,0,0,0,0,0,0,0,0,1
ALA CT Equity,2013,98.89,9.0,1.0,4969.3704,,30.535,15.2893,0.0,51.7857,8.0,1.0,100.0,11.111,14.0351,7.81,7284.3,45.7944,3.5084,201.1,2.502,9.636,3.0431,43.7494,3246.2,1.3822,2829.5,AltaGas Ltd,Utilities,20.0,4.186285435920458,2.302585092994046,14.985031348793388,,0.08193875880137547,4.07753744390572,0.0710726276727337,0.02760731985228505,1.1472698356600106,0,0,0,0,0,0,0,0,0,1
ALA CT Equity,2014,100.0,9.0,1.0,5795.1537,,23.976,16.1157,0.0,55.3571,8.0,1.0,100.0,11.111,14.0351,8.81,8395.6,-51.9231,3.1646,130.1,2.391,3.8589,1.6594,17.0061,3318.6,1.3633,3574.2,AltaGas Ltd,Utilities,21.0,4.201373684980473,1.9459101490553132,14.941069502323693,,0.09972472472472473,4.0943445622221,0.03639975379105814,0.015496212301681833,0.928487493704885,0,0,0,0,0,0,0,0,0,1
ALA CT Equity,2015,100.0,11.0,1.0,4549.0603,,31.922,16.1157,0.0,55.3571,10.0,2.0,100.0,18.182,14.0351,8.05,10099.5,-90.6667,3.116,51.1,2.272,0.3336,0.5526,-9.0705,4150.6,1.1325,4202.9,AltaGas Ltd,Utilities,22.0,4.196509978983386,2.1972245773362196,14.752781263006568,,0.0711734853705908,4.110873864173311,0.012158271669561495,0.005059656418634586,0.9875562111875136,0,0,0,0,0,0,0,0,0,1
ALA CT Equity,2016,100.0,9.0,0.0,5636.4264,20.9302,45.101,28.5124,0.0,55.3571,8.0,2.0,100.0,22.222,19.2982,8.69,10200.6,1314.2857,2.9948,203.5,1.938,4.5852,2.0049,0.8107,3879.0,1.2022,4615.4,AltaGas Ltd,Utilities,23.0,4.194687510918128,2.3978952727983707,15.549564816827582,-0.2876820724517809,0.04297022238974745,3.970291913552122,0.044091519694934356,0.019949806874105445,0.8404471985093384,0,0,0,0,0,0,0,0,0,1
ALA CT Equity,2017,100.0,9.0,0.0,7391.769,29.4574,42.692,33.0579,0.0,55.3571,8.0,2.0,100.0,22.222,19.2982,8.26,10032.2,-81.8182,2.936,91.6,1.79,0.8794,0.9055,18.9723,3672.2,1.1716,4639.2,AltaGas Ltd,Utilities,24.0,4.167533064173576,2.5649493574615367,15.340018707164917,0.5596157879354227,0.041928230113370185,3.9889840465642745,0.019744783583376443,0.00913059946970754,0.7915588894637007,0,0,0,0,0,0,0,0,0,1
ALA CT Equity,2018,97.92,12.0,0.0,3791.4461,31.7829,29.96,38.843,0.0,60.7143,9.0,3.0,100.0,25.0,33.3333,6.93,23487.7,-81.8182,3.7259,-435.1,1.188,-11.1532,-2.5961,62.5501,10167.0,0.9201,7640.2,AltaGas Ltd,Utilities,25.0,4.1666652238017265,2.995732273553991,15.90389201921358,-2.5257286443082556,0.039652870493991986,4.007333185232471,-0.05694877097458182,-0.018524589465975808,1.3307243265883093,0,0,0,0,0,0,0,0,0,1
ALA CT Equity,2019,98.0,10.0,0.0,5511.8968,31.7829,38.271,38.843,0.0,60.7143,8.0,2.0,100.0,20.0,33.3333,7.49,19794.5,-81.8182,3.7188,833.0,0.692,13.0772,3.8492,29.0906,7491.4,0.9789,7368.8,AltaGas Ltd,Utilities,26.0,4.165113633110308,2.1972245773362196,15.874952687987157,0.0769610411361284,0.018081576128138797,4.02535169073515,0.11304418629899034,0.042082396625325216,1.0166377157746171,0,0,0,0,0,0,0,0,0,1
ALA CT Equity,2020,100.0,11.0,0.0,5231.3524,31.7829,41.959,38.843,0.0,60.7143,9.0,4.0,100.0,36.364,33.3333,6.39,21532.0,-36.6878,3.4723,552.0,0.724,8.1668,2.6714,1.6742,8641.0,0.966,7661.0,AltaGas Ltd,Utilities,27.0,4.156035282220533,2.302585092994046,16.03356033327494,0.7323678937132266,0.01725493934555161,4.04305126783455,0.07205325675499281,0.025636262307263607,1.1279206369925596,0,0,0,0,0,0,0,0,0,1
AP-U CT Equity,2010,97.14,7.0,0.0,905.3305,2.3256,38.077,12.3967,0.0,48.2143,6.0,0.0,100.0,0.0,,,1583.004,410.0,2.0798,101.357,2.783,15.3974,7.4033,20.3509,691.783,1.0458,835.021,Allied Properties Real Estate,Real Estate,8.0,,2.0794415416798357,14.873914205639057,,0.0730887412348662,,0.12138257600707049,0.06402826524759256,0.8284617991643325,0,0,0,0,0,0,0,0,1,0
AP-U CT Equity,2011,98.35,6.0,0.0,1295.5368,2.3256,46.989,13.2231,0.0,51.7857,5.0,0.0,66.667,0.0,,,2159.051,32.1569,1.8932,158.659,1.844,16.0539,8.479800000000001,9.0859,947.083,1.0777,1141.558,Allied Properties Real Estate,Real Estate,9.0,4.176953205833743,2.302585092994046,14.30497116654152,,0.039243227138266404,,0.1389846157619674,0.07348552674299959,0.8296407190874227,0,0,0,0,0,0,0,0,1,0
AP-U CT Equity,2012,98.57,7.0,0.0,2109.1257,2.3256,39.897,14.4628,0.0,51.7857,6.0,0.0,100.0,0.0,5.2632,,3051.556,94.362,1.7849,369.816,1.355,25.3368,14.1947,31.4262,1183.944,1.1105,1777.638,Allied Properties Real Estate,Real Estate,10.0,4.191819064855802,2.302585092994046,14.349183580765601,,0.03396245331729203,,0.20803785697650476,0.12118932112011052,0.6660208658905806,0,0,0,0,0,0,0,0,1,0
AP-U CT Equity,2013,100.0,7.0,0.0,2238.2049,2.3256,42.885,14.4628,0.0,51.7857,6.0,0.0,100.0,0.0,5.2632,8.57,3500.609,-45.9542,1.7035,238.624,1.19,12.4078,7.2838,17.7005,1331.21,1.0505,2068.714,Allied Properties Real Estate,Real Estate,11.0,4.206824673306102,1.9459101490553132,14.623104548496793,2.4203681286504293,0.027748630057129534,4.04305126783455,0.11534895592140817,0.0681664247563781,0.6434963943783433,0,0,0,0,0,0,0,0,1,0
AP-U CT Equity,2014,97.95,7.0,0.0,2795.5656,4.6512,41.109,16.5289,0.0,51.7857,6.0,0.0,100.0,0.0,8.7719,9.57,3932.719,-39.6541,1.6899,151.778,1.802,6.901,4.0837,8.7725,1489.047,1.1222,2330.031,Allied Properties Real Estate,Real Estate,12.0,4.221608438266889,1.9459101490553132,14.808418938688842,2.505525936990736,0.043834683402661216,4.060443010546419,0.0651399058639134,0.03859365492423943,0.6390674630509208,0,0,0,0,0,0,0,0,1,0
AP-U CT Equity,2015,100.0,8.0,0.0,2439.8136,4.6512,44.704,17.3554,0.0,55.3571,6.0,1.0,100.0,12.5,8.7719,9.33,4455.946,53.5404,1.7044,254.367,1.759,10.3364,6.0645,8.2525,1703.774,0.974,2591.731,Allied Properties Real Estate,Real Estate,13.0,4.213977737166646,1.791759469228055,14.75081929567419,2.583997552432231,0.03934770937723693,4.07753744390572,0.09814560230209075,0.05708484797616488,0.6573884403898398,0,0,0,0,0,0,0,0,1,0
AP-U CT Equity,2016,97.91,8.0,0.0,3044.2019,4.6512,50.232,17.3554,0.0,55.3571,6.0,1.0,100.0,12.5,8.7719,10.33,5213.854,22.2561,1.7227,324.305,1.655,11.555,6.7076,6.656,2061.469,1.0047,3021.506,Allied Properties Real Estate,Real Estate,14.0,4.228656899829694,1.791759469228055,14.807372476685503,2.6567569067146595,0.03294712533842969,4.0943445622221,0.10733223763249189,0.0622006293233374,0.6822654001018036,0,0,0,0,0,0,0,0,1,0
AP-U CT Equity,2017,98.44,8.0,0.0,3902.2237,4.6512,42.452,17.3554,0.0,55.3571,6.0,1.0,100.0,12.5,8.7719,11.33,5823.632,1.4963,1.6798,357.959,1.58,10.8959,6.4862,7.58,2114.748,1.0621,3549.022,Allied Properties Real Estate,Real Estate,15.0,4.243123698247448,2.0794415416798357,14.983786959453123,2.7245795030534206,0.03721850560633186,4.110873864173311,0.10086130770674287,0.06146662426472003,0.5958678193598124,0,0,0,0,0,0,0,0,1,0
AP-U CT Equity,2018,100.0,8.0,0.0,4600.9244,6.2016,40.646,18.1818,0.0,55.3571,6.0,2.0,100.0,25.0,8.7719,10.39,6627.074,35.8722,1.5713,540.276,1.468,13.637,8.6786,4.0865,2043.365,1.0345,4374.663,Allied Properties Real Estate,Real Estate,16.0,4.225007260742145,1.6094379124341003,15.21502662582075,2.7880929087757464,0.03611671505191163,4.127134385045092,0.12350117026157215,0.08152557222086247,0.4670908364827188,0,0,0,0,0,0,0,0,1,0
AP-U CT Equity,2019,100.0,7.0,0.0,6395.6156,22.4806,39.068,28.9256,0.0,55.3571,5.0,2.0,100.0,28.571,17.5439,11.35,8309.693,1.2658,1.48,629.223,1.344,12.4693,8.4252,24.0731,2310.402,1.0817,5717.699,Allied Properties Real Estate,Real Estate,17.0,4.225796711384006,2.0794415416798357,15.224252819069273,2.847812143477369,0.03440155626087847,4.143134726391533,0.11004829040493387,0.07572156997857803,0.4040789835211683,0,0,0,0,0,0,0,0,1,0
AP-U CT Equity,2020,100.0,9.0,0.0,4814.0891,22.4806,41.08,28.9256,0.0,55.3571,7.0,3.0,100.0,33.333,17.5439,9.73,9400.768,-28.2143,1.4889,500.729,1.363,8.4193,5.6546,3.5193,2882.53,0.855,6177.032,Allied Properties Real Estate,Real Estate,18.0,4.219507705176107,1.6094379124341003,14.895621072859251,2.9041650800285006,0.03317916260954236,4.1588830833596715,0.08106304127937171,0.053264690714630976,0.4666529168053525,0,0,0,0,0,0,0,0,1,0
AQN CT Equity,2010,95.09,6.0,0.0,477.4577,,30.875,11.157,0.0,48.2143,3.0,0.0,50.0,0.0,,,1022.7788,-51.2821,2.7673,17.433,1.194,4.8929,1.7682,-3.6884,445.6894,1.1366,342.0105,Algonquin Power & Utilities Co,Utilities,,4.0042922024914835,2.833213344056216,13.57103994299099,,0.03867206477732793,,0.05097211927703974,0.017044741248058718,1.3031453712678411,0,0,0,0,0,0,0,0,0,1
AQN CT Equity,2011,94.87,6.0,0.0,873.6837,,19.256,11.157,0.0,48.2143,3.0,0.0,50.0,0.0,,,1261.3683,10.5263,2.6915,23.65,0.844,5.474,2.0338,50.0998,447.5831,1.2805,543.6701,Algonquin Power & Utilities Co,Utilities,,4.022365092429936,2.5649493574615367,13.730184668832516,,0.043830494391358533,,0.04350064496833649,0.018749480227146977,0.8232623055783277,0,0,0,0,0,0,0,0,0,1
AQN CT Equity,2012,100.0,6.0,0.0,1158.6016,,18.413,14.4628,0.0,48.2143,3.0,0.0,50.0,0.0,14.0351,,2793.2355,-61.9048,3.0887,14.5424,0.681,2.2104,0.7156,28.8453,775.7423,1.1765,1409.3165,Algonquin Power & Utilities Co,Utilities,24.0,4.034240638152395,2.3978952727983707,13.827667363651564,,0.0369847390430674,,0.01031876090289158,0.005206292129682585,0.5504386700929139,0,0,0,0,0,0,0,0,0,1
AQN CT Equity,2013,100.0,6.0,0.0,1509.2485,24.8062,18.613,35.5372,0.0,57.1429,3.0,0.0,50.0,0.0,38.5965,9.24,3267.3664,250.0,3.8132,19.7093,0.414,2.3112,0.6493,93.6007,1181.3963,1.1946,1379.3385,Algonquin Power & Utilities Co,Utilities,25.0,4.060443010546419,2.302585092994046,14.343251704170706,1.4060969884160703,0.02224251866974695,3.970291913552122,0.014288950826791246,0.006032167068866228,0.8564948342991949,0,0,0,0,0,0,0,0,0,1
AQN CT Equity,2014,100.0,8.0,0.0,2295.5959,24.8062,19.191,16.5289,0.0,57.1429,6.0,2.0,100.0,25.0,14.0351,7.78,3532.3702,14.2857,3.5325,68.5663,0.364,6.1737,1.9986,39.4383,1094.8937,1.2413,1591.5058,Algonquin Power & Utilities Co,Utilities,26.0,4.07753744390572,2.3978952727983707,14.355559005207168,1.6253112615903906,0.018967224219686312,3.9889840465642745,0.043082657945701486,0.01941084770786482,0.6879608607144254,0,0,0,0,0,0,0,0,0,1
AQN CT Equity,2015,98.0,8.0,0.0,2754.637,24.8062,25.4,15.2893,0.0,51.7857,6.0,2.0,100.0,25.0,14.0351,8.78,3609.8677,34.375,3.0045,91.9925,0.527,7.075,2.5835,9.1588,1075.2061,1.2144,1676.0305,Algonquin Power & Utilities Co,Utilities,27.0,4.0943445622221,2.4849066497880004,14.53196304779077,1.8050046959780757,0.020748031496062993,4.007333185232471,0.054887127650719965,0.025483620909431116,0.6415194114904234,0,0,0,0,0,0,0,0,0,1
AQN CT Equity,2016,100.0,9.0,0.0,3112.8653,13.1783,27.755,31.405,0.0,55.3571,7.0,3.0,100.0,33.333,49.1228,8.76,6133.4275,2.3256,3.8593,98.8934,1.274,7.0256,1.9775,6.6316,3176.2335,1.1712,1870.1524,Algonquin Power & Utilities Co,Utilities,28.0,4.088779103749219,2.1972245773362196,15.089166595422714,1.9572739077056285,0.0459016393442623,4.02535169073515,0.05287986155566787,0.016123676362034114,1.6983821746291905,0,0,0,0,0,0,0,0,0,1
AQN CT Equity,2017,96.5,9.0,0.0,6068.5979,28.6822,42.982,42.9752,0.0,55.3571,7.0,3.0,100.0,33.333,63.1579,8.92,8408.7451,9.0909,3.8294,148.8593,1.194,7.4493,2.056,80.4541,3084.9477,1.273,3366.4604,Algonquin Power & Utilities Co,Utilities,29.0,4.110873864173311,2.772588722239781,15.185095592596177,2.089391872533004,0.02777907030850123,4.04305126783455,0.04421834280302243,0.01770291502830785,0.9163772429938579,0,0,0,0,0,0,0,0,0,1
AQN CT Equity,2018,98.15,9.0,0.0,6506.6541,33.3333,53.282,50.0,0.0,71.4286,7.0,3.0,100.0,33.333,66.6667,9.92,9398.589,2.6917,3.212,184.988,1.087,6.3839,2.0777,8.1154,3336.795,1.2057,4038.508,Algonquin Power & Utilities Co,Utilities,30.0,4.127134385045092,2.4849066497880004,15.304547185115933,2.206074192613202,0.02040088585263316,4.060443010546419,0.045806025393536426,0.019682528941312363,0.8262444942538185,0,0,0,0,0,0,0,0,0,1
AQN CT Equity,2019,97.43,9.0,0.0,9544.7701,47.2868,52.77,59.9174,0.0,76.7857,7.0,3.0,100.0,33.333,71.9298,10.92,10911.47,176.3158,3.0386,530.884,0.748,15.6311,5.2278,-1.4281,3931.868,1.3418,4738.371,Algonquin Power & Utilities Co,Utilities,31.0,4.143134726391533,2.5649493574615367,15.346186175979145,2.3105532626432224,0.014174720485124123,4.07753744390572,0.11203934854404604,0.04865375609335865,0.8297931926394113,0,0,0,0,0,0,0,0,0,1
AQN CT Equity,2020,98.19,9.0,0.0,12507.806,47.2868,57.497,59.9174,0.0,76.7857,8.0,3.0,100.0,33.333,71.9298,9.61,13223.906,31.4286,2.771,782.463,0.513,17.774,6.484,3.2086,4552.758,1.3614,5989.365,Algonquin Power & Utilities Co,Utilities,32.0,4.1588830833596715,2.70805020110221,16.261213954446568,-0.6931471805599453,0.008922204636763657,4.07753744390572,0.13064206305676812,0.0591703389301164,0.7601403487681916,0,0,0,0,0,0,0,0,0,1
AR CT Equity,2010,,,,259.984,,48.613,,,,,,,,,,192.395,98.3333,1.3957,3.7185,7.854,2.6563,1.9032,,6.1942,1.6338,139.6596,Argonaut Gold Inc,Materials,,,,,,0.1615617221730813,,0.026625452170849693,0.019327425348891602,0.04435212473757622,0,0,0,0,0,0,0,1,0,0
AR CT Equity,2011,100.0,6.0,0.0,636.3608,,49.425,13.2231,0.0,48.2143,5.0,0.0,100.0,0.0,8.7719,,377.4664,328.5714,1.2362,26.2722,5.026,11.3987,9.2206,102.7982,6.0902,1.8224,321.3107,Argonaut Gold Inc,Materials,,,1.791759469228055,13.975770811933877,,0.10168942842690946,,0.0817657177305331,0.06960142677599913,0.018954239619159898,0,0,0,0,0,0,0,1,0,0
AR CT Equity,2012,94.04,7.0,0.0,1175.3965,,48.669,13.2231,0.0,48.2143,6.0,0.0,100.0,0.0,8.7719,,872.416,126.6667,1.1023,64.856,3.765,11.44,10.3779,78.9453,0.0,1.689,812.538,Argonaut Gold Inc,Materials,,,2.6390573296152584,14.102764252800464,,0.07735930469087099,,0.07981903615584747,0.07434068150973847,0.0,0,0,0,0,0,0,0,1,0,0
AR CT Equity,2013,98.0,7.0,0.0,792.9975,,64.419,14.4628,0.0,48.2143,6.0,0.0,100.0,0.0,14.0351,,942.052,-95.5882,1.1151,4.628,2.979,0.5688,0.5101,-11.7882,14.081,0.9542,814.633,Argonaut Gold Inc,Materials,6.0,,1.9459101490553132,14.430085791551726,1.4060969884160703,0.046244120523448055,,0.005681085838653725,0.004912679979449118,0.0172850842035616,0,0,0,0,0,0,0,1,0,0
AR CT Equity,2014,100.0,7.0,0.0,282.1109,,70.662,14.4628,0.0,48.2143,6.0,0.0,100.0,0.0,14.0351,,906.595,-95.5882,1.1547,-4.19,2.251,-0.5234,-0.4533,0.73,8.078,0.4011,786.337,Argonaut Gold Inc,Materials,7.0,,1.9459101490553132,14.084465688264109,1.6253112615903906,0.031855877274914374,,-0.005328504190951208,-0.004621688846728694,0.010272949129953187,0,0,0,0,0,0,0,1,0,0
AR CT Equity,2015,98.57,7.0,0.0,184.8611,,56.841,14.4628,0.0,48.2143,6.0,0.0,100.0,0.0,14.0351,,578.266,-4266.6667,1.1192,-202.713,2.645,-30.5578,-27.304,-4.6179,5.234,0.2966,540.415,Argonaut Gold Inc,Materials,8.0,,2.302585092994046,14.264115741493923,1.8050046959780757,0.04653331222181172,,-0.3751061684076127,-0.3505532056181757,0.009685149375942564,0,0,0,0,0,0,0,1,0,0
AR CT Equity,2016,96.87,7.0,0.0,335.9482,,52.853,17.7686,0.0,51.7857,6.0,1.0,100.0,14.286,24.5614,,609.9,-4266.6667,1.0825,4.331,4.689,0.7891,0.729,-8.7068,0.916,0.4951,557.248,Argonaut Gold Inc,Materials,9.0,,2.0794415416798357,14.363177005653942,1.9572739077056285,0.08871776436531512,,0.007772123004479155,0.007101164125266438,0.0016437923509819684,0,0,0,0,0,0,0,1,0,0
AR CT Equity,2017,100.0,7.0,0.0,425.3467,6.9767,37.875,21.4876,0.0,51.7857,6.0,1.0,100.0,14.286,24.5614,,689.86,366.6667,1.0925,23.852,5.703,4.0098,3.6702,7.1205,8.0,0.5754,632.446,Argonaut Gold Inc,Materials,10.0,,2.1972245773362196,14.47774624629996,2.089391872533004,0.15057425742574257,,0.037713891778902865,0.03457513118603775,0.012649301284220312,0,0,0,0,0,0,0,1,0,0
AR CT Equity,2018,95.28,7.0,0.0,277.3676,6.9767,42.898,21.0744,0.0,51.7857,6.0,1.0,100.0,14.286,22.807,7.1,694.516,366.6667,1.1151,-7.621,6.243,-1.2277,-1.101,26.4152,13.0,0.4162,609.025,Argonaut Gold Inc,Materials,11.0,,2.1972245773362196,14.47383565918948,2.206074192613202,0.14553126019861065,,-0.012513443618899061,-0.010973109330814555,0.02134559336644637,0,0,0,0,0,0,0,1,0,0
AR CT Equity,2019,100.0,7.0,0.0,350.0182,6.9767,38.023,22.314,0.0,51.7857,6.0,1.0,100.0,14.286,28.0702,8.23,606.625,-1200.0,1.1414,-93.092,6.267,-16.3328,-14.3093,37.147,10.0,0.5694,530.916,Argonaut Gold Inc,Materials,12.0,,1.9459101490553132,,2.3105532626432224,0.16482129237566737,,-0.17534223869689364,-0.15345889140737687,0.018835371320510212,0,0,0,0,0,0,0,1,0,0
AR CT Equity,2020,100.0,10.0,0.0,806.1066,11.6279,40.157,23.1405,0.0,51.7857,8.0,1.0,100.0,10.0,21.0526,6.67,1053.41,-1200.0,1.2739,14.211,2.088,2.1811,1.7121,18.8954,91.62,0.8675,772.178,Argonaut Gold Inc,Materials,13.0,,2.302585092994046,14.671030374629138,2.405141681319138,0.05199591602958389,,0.01840378772770009,0.01349047379462887,0.1186513990297574,0,0,0,0,0,0,0,1,0,0
ARE CT Equity,2010,97.91,8.0,1.0,582.0195,,17.212,11.157,0.0,48.2143,6.0,0.0,100.0,0.0,,,2121.405,-7.3171,4.1921,41.848,3.471,9.2072,2.1963,21.6183,745.987,1.0508,459.598,Aecon Group Inc,Industrials,53.0,4.189654742026425,2.4849066497880004,14.244820439674092,,0.2016616314199396,,0.09105348587243633,0.01972654915020941,1.6231293434697278,0,0,0,0,0,1,0,0,0,0
ARE CT Equity,2011,97.72,8.0,1.0,583.7946,,31.329,11.157,0.0,48.2143,7.0,0.0,100.0,0.0,,,1984.095,40.7895,4.377,57.553,3.817,12.2718,2.8037,5.3239,653.523,1.0359,489.877,Aecon Group Inc,Industrials,54.0,4.204692619390966,2.3978952727983707,15.036538099946393,,0.12183599859555046,,0.11748459307132197,0.02900717959573508,1.3340552832649828,0,0,0,0,0,1,0,0,0,0
ARE CT Equity,2012,100.0,8.0,1.0,594.3989,,27.823,11.157,0.0,48.2143,7.0,0.0,100.0,0.0,,,1863.613,36.4486,3.7375,77.596,2.942,15.0746,4.0334,-0.3129,471.504,1.0115,543.158,Aecon Group Inc,Industrials,55.0,4.219507705176107,2.302585092994046,14.96654576941613,,0.10573985551522122,,0.1428608250269719,0.041637400039600495,0.8680789015350966,0,0,0,0,0,1,0,0,0,0
ARE CT Equity,2013,94.7,8.0,1.0,899.6265,,41.615,11.9835,0.0,51.7857,7.0,1.0,100.0,12.5,,7.29,1993.586,-47.2603,3.4142,40.598,2.215,7.187,2.1051,6.2866,613.417,1.1324,586.608,Aecon Group Inc,Industrials,56.0,4.21582445975981,2.0794415416798357,14.982050929210555,,0.053226000240297965,4.2626798770413155,0.0692080571693533,0.020364308336836234,1.0457017292638355,0,0,0,0,0,1,0,0,0,0
ARE CT Equity,2014,95.5,9.0,0.0,604.555,,45.34,11.9835,0.0,51.7857,7.0,1.0,100.0,11.111,,6.84,1830.11,-28.5714,3.0773,30.042,2.578,4.8355,1.5714,-14.8123,444.945,0.9701,655.95,Aecon Group Inc,Industrials,57.0,4.201373684980473,2.0794415416798357,15.4864372833999,-0.5447271754416722,0.05685928539920599,3.912023005428146,0.045799222501715066,0.01641540672418598,0.6783215184084153,0,0,0,0,0,1,0,0,0,0
ARE CT Equity,2015,100.0,8.0,0.0,869.6424,4.6512,48.719,21.0744,0.0,55.3571,6.0,1.0,100.0,12.5,24.5614,7.56,1874.362,121.8182,2.6961,68.677,2.528,9.9966,3.7078,11.6295,322.382,1.0834,718.052,Aecon Group Inc,Industrials,58.0,4.187759006861526,1.9459101490553132,15.104910409892577,0.4574248470388755,0.05188940659701554,3.9318256327243257,0.09564349100065177,0.036640200772316125,0.4489674842490516,0,0,0,0,0,1,0,0,0,0
ARE CT Equity,2016,100.0,8.0,0.0,876.3745,6.9767,32.659,22.314,0.0,55.3571,7.0,2.0,100.0,25.0,24.5614,8.31,2005.485,-32.7869,2.6364,46.757,2.333,6.3544,2.4102,10.1111,310.225,1.0642,753.599,Aecon Group Inc,Industrials,59.0,4.2176677782541,1.791759469228055,16.471086205863866,-1.7719568419318752,0.07143513273523379,4.30406509320417,0.06204493371143008,0.023314559819694488,0.41165792417452785,0,0,0,0,0,1,0,0,0,0
ARE CT Equity,2017,100.0,9.0,0.0,1174.4464,9.3023,26.55,24.3802,0.0,58.9286,8.0,2.0,100.0,22.222,24.5614,8.34,2485.19,-41.4634,2.9748,28.176,1.256,3.733,1.2549,-12.6794,674.977,1.1716,755.975,Aecon Group Inc,Industrials,60.0,4.217874018495248,2.1972245773362196,15.075938929191105,0.1570037488096647,0.047306967984934084,4.31748811353631,0.037271073778894805,0.011337563727521838,0.8928562452462052,0,0,0,0,0,1,0,0,0,0
ARE CT Equity,2018,100.0,10.0,0.0,1055.0798,9.3023,29.418,23.1405,0.0,53.5714,8.0,2.0,100.0,20.0,24.5614,8.43,2932.692,106.25,3.4268,59.014,1.134,7.4652,2.1785,16.4151,645.733,1.0818,825.062,Aecon Group Inc,Industrials,61.0,4.216562194946349,2.4849066497880004,15.813731333749063,-1.1086626245216111,0.03854782786049357,4.330733340286331,0.07152674586879532,0.02012280866862255,0.7826478494949469,0,0,0,0,0,1,0,0,0,0
ARE CT Equity,2019,98.86,10.0,0.0,1061.1831,9.3023,33.374,26.8595,0.0,58.9286,8.0,3.0,100.0,30.0,35.0877,6.19,3114.638,21.2121,3.5931,72.853,1.274,8.6572,2.4094,5.9433,735.998,1.0661,857.996,Aecon Group Inc,Industrials,62.0,4.192680462942962,2.1972245773362196,15.270860255286822,0.28517894223366247,0.03817342841733085,,0.08491065226411311,0.02339051921924795,0.8578105259231978,0,0,0,0,0,1,0,0,0,0
ARE CT Equity,2020,98.86,10.0,0.0,979.6292,26.3566,27.07,35.5372,0.0,53.5714,8.0,3.0,100.0,30.0,38.5965,7.19,3287.399,22.5,3.6961,88.03,1.327,10.1645,2.7501,5.2942,728.03,1.0338,874.107,Aecon Group Inc,Industrials,63.0,4.192680462942962,2.5649493574615367,15.399083230549317,0.8458682675776092,0.049021056520132986,,0.1007084944978132,0.02677800899738669,0.8328843036378841,0,0,0,0,0,1,0,0,0,0
